Loan_ID,Gender,Married,Dependent,Education,Self_Employed,Applicant_Income,Coapplicant_Income,Loan_Amount,Loan_Amount_Term,Credit_History,Property_Area,Loan_Status
2390,Male,Yes,3,Graduated,Yes,400000.0,,853.45,153.0,1,Urban,Approved
2391,Male,Yes,3,Graduated,Yes,83385.0,55006.0,5745.15,134.0,1,Urban,Approved
2392,Male,Yes,2,Graduated,Yes,1000000.0,,1706.05,37.0,1,Urban,Approved
2393,Male,Yes,2,Graduated,Yes,91560.0,55944.0,3963.82,99.0,1,Rural,Approved
2394,Male,Yes,2,Graduated,Yes,91560.0,55944.0,9812.28,76.0,1,Rural,Approved
2395,Female,Yes,0,Graduated,Yes,56841.0,29140.0,8623.07,300.0,1,Rural,Approved
2396,Male,No,1,Graduated,Yes,71160.0,84727.0,5503.91,229.0,1,Rural,Approved
2397,Male,Yes,0,Graduated,Yes,90000.0,,1661.94,287.0,1,Urban,Approved
2398,Male,Yes,0,Graduated,Yes,90000.0,,1805.42,142.0,1,Urban,Approved
2399,Male,Yes,3,Graduated,Yes,83385.0,55006.0,7473.65,317.0,1,Urban,Approved
2400,Male,Yes,3,Graduated,Yes,400000.0,,2888.53,,1,Urban,Approved
2401,Female,Yes,0,Graduated,Yes,56841.0,29140.0,502.77,24.0,1,Rural,Approved
2402,Male,Yes,2,Graduated,Yes,90000000.0,,6633.76,224.0,1,Urban,Approved
2403,Female,Yes,1,Graduated,Yes,54211.0,32161.0,6284.92,99.0,1,Rural,Approved
2404,Male,Yes,2,Graduated,Yes,91560.0,55944.0,6109.49,,1,Rural,Approved
2405,Male,Yes,2,Graduated,Yes,90000000.0,,1127.35,32.0,1,Urban,Approved
2406,Male,Yes,2,Graduated,Yes,1000000.0,,3791.80,17.0,1,Urban,Approved
2407,Male,Yes,1,Graduated,Yes,60007.0,,6017.06,113.0,1,Urban,Approved
2408,Male,No,1,Graduated,Yes,71160.0,84727.0,340.39,,1,Rural,Approved
2409,Male,Yes,2,Graduated,Yes,90000000.0,,815.00,98.0,1,Urban,Approved
2410,Male,Yes,3,Graduated,Yes,400000.0,,9966.88,,1,Urban,Approved
2411,Male,Yes,2,Graduated,Yes,91560.0,55944.0,9946.93,236.0,1,Rural,Approved
2412,Female,Yes,0,Graduated,Yes,56841.0,29140.0,7802.71,4.0,1,Rural,Approved
2413,Male,Yes,0,Graduated,Yes,90000.0,,2725.08,11.0,1,Urban,Approved
2414,Female,Yes,1,Graduated,Yes,54211.0,32161.0,6113.75,169.0,1,Rural,Approved
2415,Male,Yes,1,Graduated,Yes,123123.0,,6233.67,299.0,1,Urban,Approved
2416,Male,Yes,3,Graduated,Yes,400000.0,,5596.68,102.0,1,Urban,Approved
2417,Male,Yes,3,Graduated,Yes,400000.0,,4439.49,99.0,1,Urban,Approved
2418,Male,No,1,Graduated,Yes,71160.0,84727.0,1874.09,299.0,1,Rural,Approved
2419,Male,Yes,2,Graduated,Yes,1000000.0,,1943.18,105.0,1,Urban,Approved
2420,Male,No,1,Graduated,Yes,71160.0,84727.0,4358.73,102.0,1,Rural,Approved
2421,Male,Yes,3,Graduated,Yes,400000.0,,1624.84,311.0,1,Urban,Approved
2422,Male,Yes,2,Graduated,Yes,90000000.0,,9866.79,280.0,1,Urban,Approved
2423,Male,Yes,1,Graduated,Yes,60007.0,,7600.82,182.0,1,Urban,Approved
2424,Male,No,1,Graduated,Yes,71160.0,84727.0,8211.12,193.0,1,Rural,Approved
2425,Female,Yes,0,Graduated,Yes,56841.0,29140.0,1922.12,153.0,1,Rural,Approved
2426,Female,Yes,0,Graduated,Yes,56841.0,29140.0,1868.29,60.0,1,Rural,Approved
2427,Female,Yes,0,Graduated,Yes,56841.0,29140.0,1796.56,290.0,1,Rural,Approved
2428,Male,Yes,0,Graduated,Yes,90000.0,,3700.30,253.0,1,Urban,Approved
2429,Male,Yes,1,Graduated,Yes,60007.0,,6893.00,323.0,1,Urban,Approved
2430,Male,Yes,0,Graduated,Yes,90000.0,,3514.73,245.0,1,Urban,Approved
2431,Male,Yes,2,Graduated,Yes,1000000.0,,3139.28,158.0,1,Urban,Approved
2432,Male,Yes,3,Graduated,Yes,400000.0,,3874.21,93.0,1,Urban,Approved
2433,Male,Yes,2,Graduated,Yes,90000000.0,,7371.99,314.0,1,Urban,Approved
2434,Female,Yes,1,Graduated,Yes,54211.0,32161.0,3976.63,,1,Rural,Approved
2435,Female,Yes,0,Graduated,Yes,56841.0,29140.0,3394.54,202.0,1,Rural,Approved
2436,Male,Yes,0,Graduated,Yes,90000.0,,2756.69,115.0,1,Urban,Approved
2437,Male,Yes,3,Graduated,Yes,83385.0,55006.0,390.02,107.0,1,Urban,Approved
2438,Male,Yes,2,Graduated,Yes,1000000.0,,9339.46,81.0,1,Urban,Approved
2439,Male,Yes,3,Graduated,Yes,83385.0,55006.0,246.41,231.0,1,Urban,Approved
2440,Male,Yes,1,Graduated,Yes,60007.0,,6163.01,38.0,1,Urban,Approved
2441,Male,Yes,2,Graduated,Yes,91560.0,55944.0,8567.36,260.0,1,Rural,Approved
2442,Male,Yes,2,Graduated,Yes,91560.0,55944.0,3132.21,,1,Rural,Approved
2443,Male,Yes,0,Graduated,Yes,90000.0,,1405.65,237.0,1,Urban,Approved
2444,Male,No,1,Graduated,Yes,71160.0,84727.0,3912.37,225.0,1,Rural,Approved
2445,Male,Yes,0,Graduated,Yes,90000.0,,9809.57,277.0,1,Urban,Approved
2446,Male,Yes,1,Graduated,Yes,60007.0,,7278.38,295.0,1,Urban,Approved
2447,Male,Yes,1,Graduated,Yes,60007.0,,6483.09,35.0,1,Urban,Approved
2448,Male,Yes,2,Graduated,Yes,91560.0,55944.0,3278.58,248.0,1,Rural,Approved
2449,Male,Yes,3,Graduated,Yes,83385.0,55006.0,2323.73,153.0,1,Urban,Approved
2450,Male,Yes,1,Graduated,Yes,123123.0,,8918.05,,1,Urban,Approved
2451,Male,Yes,1,Graduated,Yes,60007.0,,7713.39,227.0,1,Urban,Approved
2452,Male,Yes,2,Graduated,Yes,91560.0,55944.0,6183.79,365.0,1,Rural,Approved
2453,Female,Yes,0,Graduated,Yes,56841.0,29140.0,2589.88,343.0,1,Rural,Approved
2454,Male,Yes,2,Graduated,Yes,1000000.0,,9184.13,84.0,1,Urban,Approved
2455,Male,Yes,3,Graduated,Yes,6473820.0,,3110.93,167.0,1,Urban,Approved
2456,Male,Yes,3,Graduated,Yes,6473820.0,,9157.59,,1,Urban,Approved
2457,Male,Yes,3,Graduated,Yes,6473820.0,,8623.89,144.0,1,Urban,Approved
2458,Male,Yes,1,Graduated,Yes,60007.0,,6393.33,212.0,1,Urban,Approved
2459,Male,No,1,Graduated,Yes,71160.0,84727.0,5628.08,,1,Rural,Approved
2460,Male,No,1,Graduated,Yes,71160.0,84727.0,2930.99,284.0,1,Rural,Approved
2461,Male,Yes,3,Graduated,Yes,6473820.0,,6195.81,179.0,1,Urban,Approved
2462,Male,Yes,1,Graduated,Yes,60007.0,,229.31,211.0,1,Urban,Approved
2463,Male,Yes,2,Graduated,Yes,91560.0,55944.0,2314.35,352.0,1,Rural,Approved
2464,Male,Yes,3,Graduated,Yes,6473820.0,,338.83,341.0,1,Urban,Approved
2465,Male,Yes,0,Graduated,Yes,90000.0,,2385.28,69.0,1,Urban,Approved
2466,Male,Yes,1,Graduated,Yes,60007.0,,8340.91,50.0,1,Urban,Approved
2467,Male,Yes,3,Graduated,Yes,400000.0,,4315.01,151.0,1,Urban,Approved
2468,Male,Yes,3,Graduated,Yes,6473820.0,,4838.59,56.0,1,Urban,Approved
2469,Female,Yes,1,Graduated,Yes,54211.0,32161.0,7891.68,107.0,1,Rural,Approved
2470,Male,Yes,1,Graduated,Yes,60007.0,,8084.31,,1,Urban,Approved
2471,Male,Yes,2,Graduated,Yes,1000000.0,,5939.31,,1,Urban,Approved
2472,Male,Yes,3,Graduated,Yes,400000.0,,2776.88,294.0,1,Urban,Approved
2473,Female,Yes,0,Graduated,Yes,56841.0,29140.0,7059.40,354.0,1,Rural,Approved
2474,Male,Yes,3,Graduated,Yes,6473820.0,,6600.82,175.0,1,Urban,Approved
2475,Male,Yes,2,Graduated,Yes,91560.0,55944.0,1951.05,333.0,1,Rural,Approved
2476,Male,Yes,3,Graduated,Yes,400000.0,,8899.50,102.0,1,Urban,Approved
2477,Male,Yes,1,Graduated,Yes,123123.0,,5053.19,274.0,1,Urban,Approved
2478,Male,Yes,1,Graduated,Yes,60007.0,,7543.09,31.0,1,Urban,Rejected
2479,Female,Yes,1,Graduated,Yes,54211.0,32161.0,9287.76,,1,Rural,Approved
2480,Male,Yes,3,Graduated,Yes,83385.0,55006.0,8065.87,248.0,1,Urban,Approved
2481,Male,Yes,2,Graduated,Yes,90000000.0,,5037.76,360.0,1,Urban,Approved
2482,Male,Yes,3,Graduated,Yes,83385.0,55006.0,6517.86,,1,Urban,Approved
2483,Male,Yes,3,Graduated,Yes,6473820.0,,3936.31,237.0,1,Urban,Approved
2484,Male,Yes,0,Graduated,Yes,90000.0,,867.59,45.0,1,Urban,Approved
2485,Male,Yes,2,Graduated,Yes,90000000.0,,3746.57,259.0,1,Urban,Approved
2486,Male,No,1,Graduated,Yes,71160.0,84727.0,2222.97,144.0,1,Rural,Approved
2487,Male,Yes,2,Graduated,Yes,91560.0,55944.0,9192.55,268.0,1,Rural,Approved
2488,Male,Yes,3,Graduated,Yes,6473820.0,,2512.66,88.0,1,Urban,Approved
2489,Male,Yes,0,Graduated,Yes,90000.0,,6312.83,121.0,1,Urban,Approved
2490,Female,No,3,Graduated,Yes,98976.0,53981.0,5257.59,307.0,1,Urban,Approved
2491,Male,Yes,0,Not Graduated,Yes,97056.0,55593.0,5265.95,210.0,1,Urban,Rejected
2492,Female,Yes,2,Not Graduated,Yes,78314.0,65876.0,1024.44,110.0,1,Urban,Rejected
2493,Male,Yes,0,Not Graduated,No,48379.0,61560.0,1208.57,,1,Urban,Rejected
2494,Male,No,3,Graduated,Yes,46064.0,5261.0,4235.16,21.0,1,Urban,Approved
2495,Male,Yes,1,Graduated,Yes,98478.0,45963.0,683.75,209.0,1,Rural,Approved
2496,Male,No,3,Graduated,Yes,92958.0,19123.0,4593.20,363.0,1,Rural,Approved
2497,Male,Yes,3,Graduated,Yes,66088.0,47814.0,9101.37,175.0,1,Urban,Approved
2498,Female,Yes,0,Graduated,Yes,56841.0,29140.0,294.44,92.0,1,Rural,Approved
2499,Male,Yes,3,Graduated,No,17142.0,38534.0,4495.59,42.0,1,Rural,Rejected
2500,Male,Yes,2,Graduated,Yes,91560.0,55944.0,435.73,269.0,1,Rural,Rejected
2501,Male,Yes,3,Graduated,Yes,6473820.0,,315.40,27.0,1,Urban,Approved
2502,Male,No,3,Graduated,Yes,46064.0,5261.0,5728.84,172.0,1,Urban,Approved
2503,Male,No,1,Graduated,Yes,78127.0,45174.0,6583.71,199.0,1,Urban,Approved
2504,Male,Yes,2,Not Graduated,No,85614.0,37338.0,1840.94,166.0,1,Urban,Rejected
2505,Female,Yes,1,Graduated,Yes,54211.0,32161.0,437.05,113.0,1,Rural,Approved
2506,Male,No,3,Graduated,Yes,46064.0,5261.0,6875.54,298.0,1,Urban,Approved
2507,Female,Yes,2,Graduated,Yes,99388.0,83476.0,9914.15,140.0,1,Rural,Approved
2508,Male,No,1,Graduated,Yes,43552.0,86566.0,4275.60,,1,Urban,Approved
2509,Female,No,3,Graduated,Yes,84783.0,56221.0,2839.61,135.0,1,Urban,Approved
2510,Female,Yes,2,Graduated,Yes,65751.0,98697.0,350.17,241.0,1,Urban,Approved
2511,Female,No,1,Graduated,Yes,65020.0,2272.0,9285.42,255.0,1,Urban,Approved
2512,Female,Yes,0,Graduated,Yes,59349.0,69922.0,7710.88,,1,Rural,Rejected
2513,Female,Yes,1,Not Graduated,Yes,12678.0,87218.0,1274.92,169.0,1,Rural,Rejected
2514,Male,Yes,0,Not Graduated,No,48379.0,61560.0,4812.71,169.0,1,Urban,Rejected
2515,Male,Yes,0,Graduated,Yes,90000.0,,7528.12,182.0,1,Urban,Rejected
2516,Female,Yes,2,Not Graduated,No,93804.0,98614.0,2836.80,,1,Urban,Rejected
2517,Male,No,1,Graduated,Yes,49782.0,64587.0,2435.72,165.0,1,Rural,Approved
2518,Male,Yes,1,Graduated,Yes,78845.0,23981.0,3412.86,7.0,1,Urban,Approved
2519,Male,No,1,Graduated,Yes,43552.0,86566.0,3247.51,106.0,1,Urban,Approved
2520,Male,Yes,2,Graduated,Yes,91560.0,55944.0,4950.53,310.0,1,Rural,Rejected
2521,Female,Yes,0,Graduated,Yes,59349.0,69922.0,7544.50,350.0,1,Rural,Rejected
2522,Male,No,2,Graduated,Yes,41197.0,29460.0,8170.01,244.0,1,Urban,Approved
2523,Male,Yes,1,Graduated,Yes,123123.0,,5160.14,280.0,1,Urban,Approved
2524,Male,Yes,0,Graduated,Yes,90000.0,,834.04,34.0,1,Urban,Rejected
2525,Female,Yes,1,Graduated,Yes,77624.0,60369.0,633.68,83.0,1,Urban,Approved
2526,Male,Yes,2,Not Graduated,Yes,72450.0,66113.0,6371.50,28.0,1,Urban,Rejected
2527,Female,No,0,Graduated,Yes,41836.0,80262.0,7505.26,168.0,1,Rural,Approved
2528,Male,No,1,Graduated,Yes,78127.0,45174.0,7909.65,11.0,1,Urban,Approved
2529,Female,Yes,2,Graduated,Yes,99388.0,83476.0,8941.28,198.0,1,Rural,Approved
2530,Female,No,1,Graduated,Yes,47952.0,78633.0,4577.81,180.0,1,Rural,Approved
2531,Male,Yes,1,Graduated,Yes,60007.0,,555.80,242.0,1,Urban,Rejected
2532,Male,Yes,1,Graduated,Yes,123123.0,,4863.16,5.0,1,Urban,Approved
2533,Female,No,3,Graduated,Yes,98976.0,53981.0,593.06,13.0,1,Urban,Approved
2534,Male,Yes,0,Graduated,No,80491.0,59539.0,7037.28,162.0,1,Rural,Approved
2535,Male,No,2,Graduated,Yes,41197.0,29460.0,931.08,341.0,1,Urban,Approved
2536,Male,Yes,2,Graduated,Yes,90000000.0,,9183.23,265.0,1,Urban,Approved
2537,Female,Yes,1,Graduated,Yes,96227.0,31314.0,2337.52,268.0,1,Urban,Approved
2538,Male,No,1,Graduated,Yes,49782.0,64587.0,9450.28,18.0,1,Rural,Approved
2539,Male,Yes,1,Graduated,Yes,123123.0,,8929.59,135.0,1,Urban,Approved
2540,Male,No,3,Graduated,Yes,92958.0,19123.0,5340.08,26.0,1,Rural,Approved
2541,Female,Yes,2,Graduated,Yes,65751.0,98697.0,4525.42,351.0,1,Urban,Approved
2542,Female,Yes,0,Graduated,Yes,54754.0,46226.0,8720.75,3.0,1,Rural,Approved
2543,Female,No,0,Graduated,Yes,26024.0,46730.0,7426.55,203.0,1,Urban,Rejected
2544,Male,Yes,1,Graduated,Yes,98478.0,45963.0,7416.98,,1,Rural,Approved
2545,Male,No,0,Not Graduated,No,38532.0,25635.0,5256.32,,1,Urban,Rejected
2546,Male,No,1,Graduated,Yes,71160.0,84727.0,3625.24,191.0,1,Rural,Approved
2547,Female,No,4,Graduated,No,78143.0,75008.0,5763.67,121.0,1,Urban,Rejected
2548,Female,No,1,Graduated,Yes,64624.0,70317.0,5218.81,185.0,1,Urban,Approved
2549,Female,No,0,Graduated,Yes,64237.0,89405.0,4756.25,211.0,1,Rural,Approved
2550,Male,No,1,Graduated,Yes,78127.0,45174.0,7546.86,,1,Urban,Approved
2551,Female,No,0,Graduated,Yes,64237.0,89405.0,5460.87,,1,Rural,Approved
2552,Male,Yes,2,Graduated,Yes,94815.0,82294.0,7451.44,,1,Rural,Approved
2553,Male,No,3,Graduated,Yes,52245.0,11444.0,1065.09,,1,Rural,Approved
2554,Male,No,4,Graduated,No,97199.0,30560.0,2475.76,206.0,1,Rural,Rejected
2555,Male,Yes,2,Graduated,Yes,94815.0,82294.0,7036.65,167.0,1,Rural,Approved
2556,Male,No,4,Graduated,No,97199.0,30560.0,5896.71,224.0,1,Rural,Rejected
2557,Male,No,3,Graduated,Yes,92958.0,19123.0,8426.57,88.0,1,Rural,Approved
2558,Male,Yes,1,Graduated,Yes,98478.0,45963.0,7317.29,319.0,1,Rural,Approved
2559,Female,Yes,1,Graduated,Yes,96227.0,31314.0,7741.07,214.0,1,Urban,Approved
2560,Male,Yes,0,Graduated,Yes,98545.0,70005.0,9088.37,222.0,1,Rural,Approved
2561,Male,Yes,0,Not Graduated,Yes,97056.0,55593.0,6109.68,62.0,1,Urban,Rejected
2562,Female,Yes,1,Graduated,Yes,54211.0,32161.0,4760.51,149.0,1,Rural,Approved
2563,Female,No,4,Graduated,No,78143.0,75008.0,1771.85,125.0,1,Urban,Rejected
2564,Female,Yes,2,Not Graduated,Yes,78314.0,65876.0,7799.13,66.0,1,Urban,Rejected
2565,Male,No,3,Graduated,Yes,72968.0,8709.0,7047.18,326.0,1,Rural,Approved
2566,Female,No,1,Graduated,Yes,64624.0,70317.0,6698.24,289.0,1,Urban,Approved
2567,Female,Yes,0,Graduated,Yes,56841.0,29140.0,7731.57,154.0,1,Rural,Approved
2568,Male,No,4,Graduated,No,97199.0,30560.0,6122.35,127.0,1,Rural,Rejected
2569,Female,No,0,Graduated,Yes,26024.0,46730.0,5722.76,322.0,1,Urban,Rejected
2570,Female,No,1,Graduated,Yes,53029.0,80386.0,5630.57,,1,Urban,Approved
2571,Female,No,1,Graduated,Yes,47952.0,78633.0,1413.38,161.0,1,Rural,Approved
2572,Female,Yes,0,Graduated,Yes,54754.0,46226.0,699.93,296.0,1,Rural,Approved
2573,Male,Yes,3,Graduated,No,17142.0,38534.0,5526.11,48.0,1,Rural,Rejected
2574,Female,Yes,0,Graduated,Yes,56841.0,29140.0,1307.87,4.0,1,Rural,Rejected
2575,Male,Yes,3,Graduated,Yes,400000.0,,7646.11,13.0,1,Urban,Approved
2576,Male,No,3,Graduated,Yes,72968.0,8709.0,5368.52,162.0,1,Rural,Approved
2577,Male,No,1,Graduated,Yes,72154.0,20330.0,5991.94,,1,Urban,Approved
2578,Male,Yes,1,Graduated,Yes,123123.0,,7465.60,279.0,1,Urban,Approved
2579,Male,Yes,0,Graduated,Yes,61224.0,91173.0,7847.09,,1,Rural,Approved
2580,Male,Yes,2,Graduated,Yes,97866.0,86926.0,7141.65,262.0,1,Urban,Approved
2581,Male,Yes,3,Graduated,Yes,400000.0,,6678.58,173.0,1,Urban,Rejected
2582,Male,No,1,Graduated,Yes,43552.0,86566.0,4998.28,144.0,1,Urban,Approved
2583,Female,No,1,Graduated,Yes,53029.0,80386.0,4547.98,156.0,1,Urban,Approved
2584,Male,Yes,1,Graduated,Yes,98478.0,45963.0,4062.31,88.0,1,Rural,Approved
2585,Male,No,2,Graduated,Yes,65756.0,64134.0,7766.69,,1,Urban,Approved
2586,Female,No,0,Graduated,Yes,26024.0,46730.0,3654.86,2.0,1,Urban,Rejected
2587,Male,No,3,Graduated,Yes,46064.0,5261.0,9062.77,67.0,1,Urban,Approved
2588,Male,Yes,3,Graduated,No,17142.0,38534.0,8035.28,,1,Rural,Rejected
2589,Female,Yes,1,Graduated,Yes,61928.0,80001.0,1742.05,175.0,1,Rural,Approved
2590,Female,Yes,2,Graduated,Yes,50496.0,771.0,6279.92,361.0,1,Rural,Approved
2591,Female,No,0,Graduated,Yes,96208.0,67879.0,122.65,234.0,1,Urban,Approved
2592,Male,Yes,0,Graduated,Yes,61224.0,91173.0,7807.71,313.0,1,Rural,Approved
2593,Male,No,3,Graduated,Yes,72968.0,8709.0,5020.00,173.0,1,Rural,Approved
2594,Male,No,3,Graduated,Yes,46064.0,5261.0,1746.99,98.0,1,Urban,Approved
2595,Female,Yes,0,Graduated,Yes,56841.0,29140.0,5874.03,,1,Rural,Rejected
2596,Male,Yes,1,Graduated,Yes,60007.0,,2571.52,222.0,1,Urban,Rejected
2597,Male,Yes,2,Graduated,Yes,1000000.0,,4059.59,,1,Urban,Approved
2598,Male,Yes,0,Graduated,Yes,61224.0,91173.0,3751.41,338.0,1,Rural,Approved
2599,Female,Yes,1,Not Graduated,Yes,12678.0,87218.0,4235.46,219.0,1,Rural,Rejected
2600,Male,Yes,1,Graduated,Yes,98478.0,45963.0,3817.37,84.0,1,Rural,Approved
2601,Male,Yes,1,Graduated,Yes,78845.0,23981.0,9453.08,,1,Urban,Approved
2602,Female,Yes,1,Graduated,Yes,61928.0,80001.0,3991.87,86.0,1,Rural,Approved
2603,Male,Yes,3,Graduated,Yes,6473820.0,,7510.32,149.0,1,Urban,Approved
2604,Female,No,1,Graduated,Yes,47952.0,78633.0,7593.66,37.0,1,Rural,Approved
2605,Female,No,0,Graduated,Yes,64237.0,89405.0,3660.57,318.0,1,Rural,Approved
2606,Female,Yes,0,Graduated,Yes,61672.0,89173.0,5068.89,59.0,1,Urban,Approved
2607,Female,No,0,Graduated,Yes,64237.0,89405.0,7493.20,99.0,1,Rural,Approved
2608,Female,Yes,2,Not Graduated,Yes,78314.0,65876.0,1107.28,54.0,1,Urban,Rejected
2609,Male,No,1,Graduated,Yes,71160.0,84727.0,8915.34,75.0,1,Rural,Approved
2610,Female,Yes,1,Graduated,Yes,77624.0,60369.0,2316.59,254.0,1,Urban,Approved
2611,Male,No,3,Graduated,Yes,92958.0,19123.0,4089.97,90.0,1,Rural,Approved
2612,Male,No,2,Graduated,Yes,41197.0,29460.0,9626.67,300.0,1,Urban,Approved
2613,Male,No,2,Graduated,Yes,41197.0,29460.0,1721.85,80.0,1,Urban,Approved
2614,Female,Yes,0,Graduated,Yes,66289.0,30020.0,6896.89,31.0,1,Urban,Approved
2615,Male,No,1,Graduated,Yes,78127.0,45174.0,8866.88,229.0,1,Urban,Approved
2616,Female,No,0,Graduated,Yes,26024.0,46730.0,3693.72,103.0,1,Urban,Rejected
2617,Female,No,1,Graduated,Yes,64624.0,70317.0,3175.88,197.0,1,Urban,Approved
2618,Female,No,0,Graduated,Yes,63701.0,9942.0,3924.75,176.0,1,Rural,Approved
2619,Male,No,1,Graduated,Yes,63726.0,22514.0,9287.55,79.0,1,Urban,Approved
2620,Female,No,1,Graduated,Yes,65020.0,2272.0,4772.46,345.0,1,Urban,Approved
2621,Male,Yes,3,Graduated,Yes,66088.0,47814.0,9256.28,,1,Urban,Approved
2622,Female,Yes,2,Graduated,Yes,65751.0,98697.0,8742.09,348.0,1,Urban,Approved
2623,Female,Yes,2,Not Graduated,Yes,78314.0,65876.0,1323.87,23.0,1,Urban,Rejected
2624,Male,Yes,2,Graduated,Yes,94815.0,82294.0,8885.71,164.0,1,Rural,Approved
2625,Female,No,0,Graduated,Yes,64237.0,89405.0,1374.11,293.0,1,Rural,Approved
2626,Female,No,0,Graduated,Yes,96208.0,67879.0,1892.41,30.0,1,Urban,Approved
2627,Male,Yes,2,Graduated,Yes,97866.0,86926.0,9263.09,71.0,1,Urban,Approved
2628,Male,Yes,0,Not Graduated,No,48379.0,61560.0,6670.04,133.0,1,Urban,Rejected
2629,Male,No,3,Graduated,Yes,46064.0,5261.0,8274.13,285.0,1,Urban,Approved
2630,Female,No,4,Graduated,No,78143.0,75008.0,790.95,113.0,1,Urban,Rejected
2631,Male,Yes,0,Graduated,No,80491.0,59539.0,1861.34,190.0,1,Rural,Approved
2632,Male,No,4,Graduated,No,97199.0,30560.0,8369.04,186.0,1,Rural,Rejected
2633,Male,No,1,Graduated,Yes,71160.0,84727.0,2244.69,315.0,1,Rural,Rejected
2634,Male,No,3,Graduated,Yes,49817.0,98201.0,356.66,358.0,1,Rural,Approved
2635,Male,Yes,3,Graduated,No,17142.0,38534.0,3022.84,357.0,1,Rural,Rejected
2636,Male,No,4,Graduated,No,97199.0,30560.0,9923.14,279.0,1,Rural,Rejected
2637,Male,No,3,Graduated,Yes,92958.0,19123.0,3201.10,320.0,1,Rural,Approved
2638,Male,No,1,Graduated,Yes,78127.0,45174.0,1372.30,70.0,1,Urban,Approved
2639,Female,Yes,1,Graduated,Yes,61928.0,80001.0,9845.33,266.0,1,Rural,Approved
2640,Male,Yes,1,Graduated,Yes,98478.0,45963.0,1425.28,191.0,1,Rural,Approved
2641,Female,Yes,2,Graduated,Yes,99388.0,83476.0,1066.66,12.0,1,Rural,Approved
2642,Female,No,3,Graduated,Yes,49271.0,2592.0,949.58,38.0,1,Urban,Approved
2643,Male,No,1,Graduated,Yes,49782.0,64587.0,8510.65,140.0,1,Rural,Approved
2644,Female,Yes,2,Graduated,Yes,99388.0,83476.0,8070.30,53.0,1,Rural,Approved
2645,Male,Yes,3,Graduated,Yes,66088.0,47814.0,9806.52,215.0,1,Urban,Approved
2646,Female,No,1,Graduated,Yes,65020.0,2272.0,3264.76,277.0,1,Urban,Approved
2647,Male,No,1,Graduated,Yes,63726.0,22514.0,2385.70,,1,Urban,Approved
2648,Female,No,1,Graduated,Yes,91200.0,24732.0,9543.33,32.0,1,Urban,Approved
2649,Female,No,1,Graduated,Yes,91200.0,24732.0,560.11,56.0,1,Urban,Approved
2650,Male,No,1,Graduated,Yes,71160.0,84727.0,6516.83,317.0,1,Rural,Rejected
2651,Male,No,3,Graduated,Yes,52245.0,11444.0,7255.06,207.0,1,Rural,Approved
2652,Female,No,3,Graduated,Yes,98976.0,53981.0,5330.66,360.0,1,Urban,Approved
2653,Male,Yes,1,Graduated,Yes,98478.0,45963.0,8040.22,274.0,1,Rural,Approved
2654,Female,Yes,1,Graduated,Yes,54211.0,32161.0,325.36,278.0,1,Rural,Approved
2655,Male,Yes,0,Graduated,Yes,98545.0,70005.0,7253.31,332.0,1,Rural,Approved
2656,Female,Yes,2,Graduated,Yes,99388.0,83476.0,2731.63,31.0,1,Rural,Approved
2657,Female,Yes,2,Graduated,Yes,65751.0,98697.0,5769.54,357.0,1,Urban,Approved
2658,Male,Yes,2,Graduated,Yes,97866.0,86926.0,1343.37,14.0,1,Urban,Approved
2659,Male,No,4,Graduated,No,97199.0,30560.0,3971.24,3.0,1,Rural,Rejected
2660,Female,Yes,2,Graduated,Yes,99388.0,83476.0,299.71,212.0,1,Rural,Approved
2661,Male,Yes,0,Not Graduated,No,48379.0,61560.0,712.37,272.0,1,Urban,Rejected
2662,Female,Yes,1,Not Graduated,Yes,12678.0,87218.0,833.21,318.0,1,Rural,Rejected
2663,Male,No,1,Graduated,Yes,42420.0,78653.0,1963.08,111.0,1,Rural,Approved
2664,Male,Yes,2,Graduated,Yes,91560.0,55944.0,9646.64,271.0,1,Rural,Rejected
2665,Male,Yes,2,Graduated,Yes,1000000.0,,386.28,276.0,1,Urban,Approved
2666,Female,No,3,Graduated,Yes,84783.0,56221.0,6736.78,131.0,1,Urban,Approved
2667,Male,Yes,1,Graduated,Yes,60007.0,,874.85,203.0,1,Urban,Rejected
2668,Male,No,2,Graduated,Yes,65756.0,64134.0,4292.19,185.0,1,Urban,Approved
2669,Male,No,0,Not Graduated,No,38532.0,25635.0,8610.96,252.0,1,Urban,Rejected
2670,Female,Yes,1,Graduated,Yes,77624.0,60369.0,7587.42,99.0,1,Urban,Approved
2671,Male,Yes,3,Graduated,Yes,66088.0,47814.0,5091.98,244.0,1,Urban,Approved
2672,Male,No,2,Graduated,Yes,65756.0,64134.0,2266.43,,1,Urban,Approved
2673,Male,Yes,0,Graduated,Yes,61224.0,91173.0,6516.21,252.0,1,Rural,Approved
2674,Male,Yes,3,Graduated,Yes,6473820.0,,4752.68,304.0,1,Urban,Rejected
2675,Male,No,1,Graduated,Yes,72154.0,20330.0,8235.62,77.0,1,Urban,Approved
2676,Male,No,2,Graduated,Yes,65756.0,64134.0,6358.97,1.0,1,Urban,Approved
2677,Male,No,1,Graduated,Yes,63726.0,22514.0,769.51,272.0,1,Urban,Approved
2678,Female,No,1,Graduated,Yes,65020.0,2272.0,5067.66,277.0,1,Urban,Approved
2679,Male,Yes,1,Graduated,Yes,123123.0,,8815.80,142.0,1,Urban,Approved
2680,Male,No,1,Graduated,Yes,43552.0,86566.0,9643.88,329.0,1,Urban,Approved
2681,Female,Yes,2,Not Graduated,Yes,78314.0,65876.0,3914.67,327.0,1,Urban,Rejected
2682,Female,No,4,Graduated,No,78143.0,75008.0,4315.13,274.0,1,Urban,Rejected
2683,Male,No,2,Graduated,Yes,65756.0,64134.0,5007.04,278.0,1,Urban,Approved
2684,Male,No,1,Graduated,Yes,43552.0,86566.0,7473.83,57.0,1,Urban,Approved
2685,Male,Yes,3,Graduated,Yes,83385.0,55006.0,5548.47,,1,Urban,Approved
2686,Female,Yes,0,Graduated,Yes,56841.0,29140.0,2888.52,150.0,1,Rural,Rejected
2687,Male,Yes,3,Graduated,Yes,6473820.0,,1852.57,320.0,1,Urban,Rejected
2688,Male,No,1,Graduated,Yes,49782.0,64587.0,7628.69,338.0,1,Rural,Approved
2689,Female,Yes,0,Graduated,Yes,56841.0,29140.0,9700.51,70.0,1,Rural,Rejected
2690,Male,No,1,Graduated,Yes,72154.0,20330.0,8910.44,231.0,1,Urban,Approved
2691,Male,No,2,Graduated,Yes,65756.0,64134.0,3161.95,1.0,1,Urban,Approved
2692,Male,No,2,Graduated,Yes,65756.0,64134.0,4134.30,163.0,1,Urban,Approved
2693,Male,Yes,2,Graduated,Yes,1000000.0,,2431.92,,1,Urban,Approved
2694,Male,Yes,1,Graduated,Yes,123123.0,,4079.93,249.0,1,Urban,Approved
2695,Male,Yes,2,Graduated,Yes,90000000.0,,8530.82,107.0,1,Urban,Approved
2696,Female,No,1,Graduated,Yes,91200.0,24732.0,581.81,172.0,1,Urban,Approved
2697,Male,Yes,1,Graduated,Yes,123123.0,,4175.17,180.0,1,Urban,Approved
2698,Male,Yes,2,Not Graduated,No,85614.0,37338.0,5118.37,86.0,1,Urban,Rejected
2699,Male,Yes,2,Graduated,Yes,94815.0,82294.0,3068.99,,1,Rural,Approved
2700,Male,Yes,2,Not Graduated,Yes,72450.0,66113.0,9638.47,279.0,1,Urban,Rejected
2701,Male,Yes,3,Graduated,Yes,400000.0,,7143.40,72.0,1,Urban,Rejected
2702,Male,Yes,2,Not Graduated,Yes,72450.0,66113.0,5271.50,184.0,1,Urban,Rejected
2703,Male,Yes,1,Graduated,Yes,60007.0,,8043.20,302.0,1,Urban,Rejected
2704,Male,Yes,2,Graduated,Yes,68580.0,73036.0,6955.94,245.0,1,Rural,Approved
2705,Female,Yes,0,Graduated,Yes,54754.0,46226.0,6627.31,62.0,1,Rural,Approved
2706,Female,Yes,1,Graduated,Yes,54211.0,32161.0,8796.63,91.0,1,Rural,Approved
2707,Male,Yes,3,Graduated,Yes,6473820.0,,7719.99,134.0,1,Urban,Rejected
2708,Male,No,3,Graduated,Yes,46064.0,5261.0,6019.36,118.0,1,Urban,Approved
2709,Female,No,1,Graduated,Yes,91200.0,24732.0,9827.41,174.0,1,Urban,Approved
2710,Female,Yes,0,Graduated,Yes,66289.0,30020.0,4422.54,209.0,1,Urban,Approved
2711,Male,No,1,Graduated,Yes,43552.0,86566.0,6397.61,295.0,1,Urban,Approved
2712,Female,Yes,1,Graduated,Yes,61928.0,80001.0,9414.55,304.0,1,Rural,Approved
2713,Male,Yes,0,Graduated,No,80491.0,59539.0,4917.07,6.0,1,Rural,Approved
2714,Female,No,4,Graduated,No,78143.0,75008.0,4471.08,197.0,1,Urban,Rejected
2715,Male,No,3,Graduated,Yes,46064.0,5261.0,600.90,143.0,1,Urban,Approved
2716,Male,No,4,Graduated,No,97199.0,30560.0,1827.40,311.0,1,Rural,Rejected
2717,Male,No,3,Graduated,Yes,72968.0,8709.0,5126.09,70.0,1,Rural,Approved
2718,Female,No,1,Graduated,Yes,47952.0,78633.0,5434.44,103.0,1,Rural,Approved
2719,Male,No,1,Graduated,Yes,78127.0,45174.0,1105.79,69.0,1,Urban,Approved
2720,Male,No,0,Not Graduated,No,38532.0,25635.0,4075.19,267.0,1,Urban,Rejected
2721,Male,No,2,Graduated,Yes,65756.0,64134.0,9135.28,118.0,1,Urban,Approved
2722,Male,No,3,Graduated,Yes,92958.0,19123.0,7233.17,214.0,1,Rural,Approved
2723,Male,No,3,Graduated,Yes,92958.0,19123.0,3702.47,4.0,1,Rural,Approved
2724,Male,Yes,2,Graduated,Yes,94815.0,82294.0,3551.06,8.0,1,Rural,Approved
2725,Female,Yes,2,Graduated,Yes,50496.0,771.0,7784.91,149.0,1,Rural,Approved
2726,Female,No,0,Graduated,Yes,26024.0,46730.0,5194.11,221.0,1,Urban,Rejected
2727,Female,No,0,Graduated,Yes,96208.0,67879.0,1772.84,295.0,1,Urban,Approved
2728,Male,Yes,3,Not Graduated,Yes,58810.0,3042.0,1011.68,201.0,1,Urban,Rejected
2729,Male,Yes,2,Graduated,Yes,1000000.0,,1207.53,28.0,1,Urban,Approved
2730,Female,No,3,Graduated,Yes,49271.0,2592.0,4478.35,159.0,1,Urban,Approved
2731,Female,No,1,Graduated,Yes,91200.0,24732.0,8063.62,,1,Urban,Approved
2732,Male,No,1,Graduated,Yes,42420.0,78653.0,9904.42,238.0,1,Rural,Approved
2733,Male,No,1,Graduated,Yes,63726.0,22514.0,4494.67,130.0,1,Urban,Approved
2734,Male,Yes,2,Graduated,Yes,91560.0,55944.0,5019.04,237.0,1,Rural,Rejected
2735,Male,No,3,Graduated,Yes,52245.0,11444.0,3995.77,348.0,1,Rural,Approved
2736,Female,No,4,Graduated,No,78143.0,75008.0,8741.33,74.0,1,Urban,Rejected
2737,Male,No,3,Graduated,Yes,49817.0,98201.0,8892.34,43.0,1,Rural,Approved
2738,Male,Yes,2,Graduated,Yes,97866.0,86926.0,1781.13,250.0,1,Urban,Approved
2739,Male,No,1,Graduated,Yes,71160.0,84727.0,3909.26,342.0,1,Rural,Rejected
2740,Female,No,3,Graduated,Yes,84783.0,56221.0,1925.67,115.0,1,Urban,Approved
2741,Male,No,1,Graduated,Yes,63726.0,22514.0,6408.17,250.0,1,Urban,Approved
2742,Male,Yes,0,Graduated,Yes,90000.0,,4486.98,25.0,1,Urban,Rejected
2743,Male,Yes,3,Graduated,Yes,83385.0,55006.0,5926.88,339.0,1,Urban,Approved
2744,Male,Yes,0,Graduated,Yes,61224.0,91173.0,9140.61,200.0,1,Rural,Approved
2745,Female,Yes,1,Graduated,Yes,96227.0,31314.0,9108.70,30.0,1,Urban,Approved
2746,Female,Yes,0,Graduated,Yes,54754.0,46226.0,9342.17,22.0,1,Rural,Approved
2747,Male,No,1,Graduated,Yes,78127.0,45174.0,4727.45,,1,Urban,Approved
2748,Male,Yes,3,Graduated,Yes,66088.0,47814.0,6682.04,195.0,1,Urban,Approved
2749,Male,No,2,Graduated,Yes,65756.0,64134.0,5761.12,258.0,1,Urban,Approved
2750,Female,No,0,Graduated,Yes,96208.0,67879.0,1122.64,135.0,1,Urban,Approved
2751,Female,No,4,Graduated,No,78143.0,75008.0,8312.30,182.0,1,Urban,Rejected
2752,Male,No,2,Graduated,Yes,65756.0,64134.0,3380.52,200.0,1,Urban,Approved
2753,Female,Yes,1,Graduated,Yes,77624.0,60369.0,2562.82,298.0,1,Urban,Approved
2754,Female,No,0,Graduated,Yes,26024.0,46730.0,4558.76,360.0,1,Urban,Rejected
2755,Female,No,1,Graduated,Yes,53029.0,80386.0,3106.35,52.0,1,Urban,Approved
2756,Male,Yes,2,Graduated,Yes,97866.0,86926.0,5863.01,163.0,1,Urban,Approved
2757,Male,Yes,0,Not Graduated,Yes,97056.0,55593.0,3168.36,78.0,1,Urban,Rejected
2758,Female,No,0,Graduated,Yes,96208.0,67879.0,4063.63,49.0,1,Urban,Approved
2759,Female,No,1,Graduated,Yes,53029.0,80386.0,943.37,138.0,1,Urban,Approved
2760,Male,Yes,0,Graduated,No,80491.0,59539.0,4796.38,55.0,1,Rural,Approved
2761,Male,Yes,3,Graduated,No,17142.0,38534.0,7143.56,72.0,1,Rural,Rejected
2762,Female,No,4,Graduated,No,78143.0,75008.0,5323.16,,1,Urban,Rejected
2763,Male,Yes,0,Graduated,Yes,98545.0,70005.0,2135.70,117.0,1,Rural,Approved
2764,Female,No,0,Graduated,Yes,64237.0,89405.0,8308.86,104.0,1,Rural,Approved
2765,Female,No,0,Graduated,Yes,63701.0,9942.0,4336.00,63.0,1,Rural,Approved
2766,Male,Yes,3,Graduated,No,17142.0,38534.0,2768.80,132.0,1,Rural,Rejected
2767,Male,Yes,1,Graduated,Yes,78845.0,23981.0,5190.13,242.0,1,Urban,Approved
2768,Male,No,0,Not Graduated,No,38532.0,25635.0,8347.95,105.0,1,Urban,Rejected
2769,Male,No,2,Graduated,Yes,65756.0,64134.0,3753.04,,1,Urban,Approved
2770,Female,No,0,Graduated,Yes,96208.0,67879.0,7658.48,,1,Urban,Approved
2771,Male,Yes,2,Graduated,Yes,97866.0,86926.0,6289.05,,1,Urban,Approved
2772,Male,Yes,2,Graduated,Yes,94815.0,82294.0,5743.25,305.0,1,Rural,Approved
2773,Female,Yes,1,Not Graduated,Yes,12678.0,87218.0,5800.77,,1,Rural,Rejected
2774,Male,Yes,0,Graduated,Yes,98545.0,70005.0,7436.57,258.0,1,Rural,Approved
2775,Female,No,1,Graduated,Yes,64624.0,70317.0,4520.52,,1,Urban,Approved
2776,Female,No,0,Graduated,Yes,78801.0,93556.0,4096.46,,1,Urban,Approved
2777,Female,No,1,Graduated,Yes,65020.0,2272.0,1570.59,,1,Urban,Approved
2778,Female,Yes,2,Not Graduated,No,93804.0,98614.0,2516.29,301.0,1,Urban,Rejected
2779,Male,Yes,1,Graduated,Yes,60007.0,,9213.39,109.0,1,Urban,Rejected
2780,Male,No,3,Graduated,Yes,92958.0,19123.0,2169.53,221.0,1,Rural,Approved
2781,Female,No,0,Graduated,Yes,63701.0,9942.0,8866.46,,1,Rural,Approved
2782,Male,No,3,Graduated,Yes,72968.0,8709.0,4883.36,,1,Rural,Approved
2783,Male,No,1,Graduated,Yes,49782.0,64587.0,3707.85,,1,Rural,Approved
2784,Male,Yes,0,Graduated,Yes,61224.0,91173.0,7730.05,,1,Rural,Approved
2785,Male,Yes,3,Graduated,Yes,66088.0,47814.0,2091.05,36.0,1,Urban,Approved
2786,Male,Yes,0,Graduated,Yes,98545.0,70005.0,7470.61,,1,Rural,Approved
2787,Female,Yes,1,Graduated,Yes,77624.0,60369.0,1136.00,333.0,1,Urban,Approved
2788,Male,Yes,1,Graduated,Yes,123123.0,,7709.01,2.0,1,Urban,Approved
2789,Female,No,0,Graduated,Yes,63701.0,9942.0,7937.35,252.0,1,Rural,Approved
2790,Male,No,3,Graduated,Yes,92958.0,19123.0,8912.04,152.0,1,Rural,Approved
2791,Male,No,2,Graduated,Yes,41197.0,29460.0,4678.49,43.0,1,Urban,Approved
2792,Male,Yes,2,Graduated,Yes,91560.0,55944.0,8407.59,,1,Rural,Rejected
2793,Female,No,1,Graduated,Yes,64624.0,70317.0,386.91,321.0,1,Urban,Approved
2794,Male,Yes,2,Graduated,Yes,90000000.0,,5323.90,300.0,1,Urban,Approved
2795,Female,No,0,Graduated,Yes,64237.0,89405.0,9223.33,327.0,1,Rural,Approved
2796,Female,Yes,1,Graduated,Yes,77624.0,60369.0,5849.74,,1,Urban,Approved
2797,Female,No,1,Graduated,Yes,65020.0,2272.0,9643.62,200.0,1,Urban,Approved
2798,Male,Yes,2,Not Graduated,No,85614.0,37338.0,8723.80,44.0,1,Urban,Rejected
2799,Female,Yes,0,Graduated,Yes,56841.0,29140.0,5101.88,186.0,1,Rural,Rejected
2800,Male,Yes,0,Not Graduated,No,48379.0,61560.0,7243.90,90.0,1,Urban,Rejected
2801,Male,Yes,3,Graduated,Yes,400000.0,,2743.01,258.0,1,Urban,Rejected
2802,Male,Yes,2,Not Graduated,No,85614.0,37338.0,5989.90,178.0,1,Urban,Rejected
2803,Male,Yes,3,Not Graduated,Yes,58810.0,3042.0,7696.12,,1,Urban,Rejected
2804,Male,Yes,2,Not Graduated,No,85614.0,37338.0,1272.53,71.0,1,Urban,Rejected
2805,Female,Yes,1,Graduated,Yes,96227.0,31314.0,6232.69,258.0,1,Urban,Approved
2806,Female,No,0,Graduated,Yes,96208.0,67879.0,5885.09,343.0,1,Urban,Approved
2807,Male,Yes,0,Graduated,No,80491.0,59539.0,6477.44,,1,Rural,Approved
2808,Male,Yes,1,Graduated,Yes,60007.0,,9584.80,146.0,1,Urban,Rejected
2809,Male,No,1,Graduated,Yes,72154.0,20330.0,9593.34,237.0,1,Urban,Rejected
2810,Male,No,1,Graduated,Yes,49782.0,64587.0,558.46,225.0,1,Rural,Approved
2811,Male,No,1,Graduated,Yes,71160.0,84727.0,8397.06,262.0,1,Rural,Rejected
2812,Male,No,1,Graduated,Yes,43552.0,86566.0,5045.43,30.0,1,Urban,Approved
2813,Female,Yes,2,Not Graduated,Yes,78314.0,65876.0,4092.81,246.0,1,Urban,Rejected
2814,Female,Yes,0,Graduated,Yes,61672.0,89173.0,1354.70,284.0,1,Urban,Approved
2815,Female,No,0,Graduated,Yes,26024.0,46730.0,7087.01,182.0,1,Urban,Rejected
2816,Female,No,0,Graduated,Yes,96208.0,67879.0,3576.88,87.0,1,Urban,Approved
2817,Male,No,1,Graduated,Yes,63726.0,22514.0,6792.44,,1,Urban,Approved
2818,Male,No,1,Graduated,Yes,63726.0,22514.0,5089.30,173.0,1,Urban,Approved
2819,Male,No,1,Graduated,Yes,49782.0,64587.0,6652.79,85.0,1,Rural,Approved
2820,Male,Yes,0,Graduated,No,80491.0,59539.0,9734.35,231.0,1,Rural,Approved
2821,Female,Yes,1,Graduated,Yes,77624.0,60369.0,9607.75,,1,Urban,Approved
2822,Male,Yes,1,Graduated,Yes,60007.0,,734.30,161.0,1,Urban,Rejected
2823,Female,Yes,1,Not Graduated,Yes,12678.0,87218.0,1560.91,124.0,1,Rural,Rejected
2824,Female,No,1,Graduated,Yes,53029.0,80386.0,3720.49,210.0,1,Urban,Approved
2825,Male,No,3,Graduated,Yes,92958.0,19123.0,1279.19,152.0,1,Rural,Approved
2826,Female,Yes,1,Graduated,Yes,96227.0,31314.0,6926.91,124.0,1,Urban,Approved
2827,Female,Yes,0,Graduated,Yes,59349.0,69922.0,3283.05,232.0,1,Rural,Approved
2828,Male,Yes,0,Graduated,Yes,90000.0,,4921.27,,1,Urban,Rejected
2829,Female,No,1,Graduated,Yes,91200.0,24732.0,1077.76,36.0,1,Urban,Approved
2830,Male,Yes,2,Graduated,Yes,94815.0,82294.0,876.49,71.0,1,Rural,Approved
2831,Female,No,3,Graduated,Yes,98976.0,53981.0,9291.98,265.0,1,Urban,Approved
2832,Female,Yes,0,Graduated,Yes,59349.0,69922.0,8610.77,10.0,1,Rural,Rejected
2833,Male,Yes,3,Graduated,Yes,83385.0,55006.0,7164.75,270.0,1,Urban,Approved
2834,Male,Yes,1,Graduated,Yes,123123.0,,3839.17,219.0,1,Urban,Rejected
2835,Female,Yes,1,Graduated,Yes,54211.0,32161.0,1980.65,253.0,1,Rural,Approved
2836,Female,Yes,1,Graduated,Yes,77624.0,60369.0,5817.22,213.0,1,Urban,Approved
2837,Male,Yes,1,Graduated,Yes,123123.0,,1765.82,320.0,1,Urban,Rejected
2838,Male,No,1,Graduated,Yes,63726.0,22514.0,2930.57,,1,Urban,Approved
2839,Male,No,1,Graduated,Yes,63726.0,22514.0,8430.47,75.0,1,Urban,Approved
2840,Female,Yes,2,Graduated,Yes,99388.0,83476.0,6583.71,16.0,1,Rural,Approved
2841,Male,Yes,0,Not Graduated,Yes,97056.0,55593.0,5926.91,96.0,1,Urban,Rejected
2842,Female,Yes,1,Graduated,Yes,61928.0,80001.0,4720.32,3.0,1,Rural,Approved
2843,Male,No,3,Graduated,Yes,92958.0,19123.0,9387.06,303.0,1,Rural,Approved
2844,Female,Yes,1,Graduated,Yes,96227.0,31314.0,1940.59,333.0,1,Urban,Approved
2845,Male,No,1,Graduated,Yes,72154.0,20330.0,4007.68,174.0,1,Urban,Approved
2846,Male,Yes,0,Not Graduated,Yes,97056.0,55593.0,2510.94,353.0,1,Urban,Rejected
2847,Male,No,1,Graduated,Yes,43552.0,86566.0,544.79,54.0,1,Urban,Approved
2848,Female,No,3,Graduated,Yes,49271.0,2592.0,284.03,,1,Urban,Approved
2849,Female,No,0,Graduated,Yes,64237.0,89405.0,2244.42,126.0,1,Rural,Approved
2850,Male,Yes,1,Graduated,Yes,78845.0,23981.0,7454.94,157.0,1,Urban,Approved
2851,Female,No,0,Graduated,Yes,96208.0,67879.0,3172.75,76.0,1,Urban,Approved
2852,Female,No,1,Graduated,Yes,64624.0,70317.0,7510.09,293.0,1,Urban,Approved
2853,Female,No,1,Graduated,Yes,64624.0,70317.0,2116.19,110.0,1,Urban,Approved
2854,Female,Yes,2,Graduated,Yes,50496.0,771.0,3972.17,204.0,1,Rural,Approved
2855,Male,Yes,3,Graduated,Yes,66088.0,47814.0,893.22,257.0,1,Urban,Approved
2856,Male,No,3,Graduated,Yes,52245.0,11444.0,5227.35,,1,Rural,Approved
2857,Male,Yes,2,Graduated,Yes,91560.0,55944.0,2675.48,285.0,1,Rural,Rejected
2858,Female,Yes,1,Graduated,Yes,96227.0,31314.0,6931.05,275.0,1,Urban,Approved
2859,Male,No,1,Graduated,Yes,72154.0,20330.0,6751.97,189.0,1,Urban,Approved
2860,Male,Yes,2,Graduated,Yes,91560.0,55944.0,2210.55,128.0,1,Rural,Rejected
2861,Male,Yes,3,Graduated,Yes,83385.0,55006.0,9608.27,75.0,1,Urban,Approved
2862,Male,Yes,0,Not Graduated,Yes,97056.0,55593.0,4450.82,243.0,1,Urban,Rejected
2863,Female,Yes,0,Graduated,Yes,54754.0,46226.0,8971.01,,1,Rural,Rejected
2864,Male,Yes,3,Graduated,Yes,66088.0,47814.0,9442.44,259.0,1,Urban,Approved
2865,Female,No,0,Graduated,Yes,96208.0,67879.0,1609.51,222.0,1,Urban,Approved
2866,Female,Yes,1,Graduated,Yes,77624.0,60369.0,5089.00,,1,Urban,Approved
2867,Female,No,1,Graduated,Yes,53029.0,80386.0,5661.84,172.0,1,Urban,Approved
2868,Female,Yes,1,Not Graduated,Yes,12678.0,87218.0,1880.66,264.0,1,Rural,Rejected
2869,Male,Yes,0,Not Graduated,No,48379.0,61560.0,8499.59,157.0,1,Urban,Rejected
2870,Female,Yes,0,Graduated,Yes,66289.0,30020.0,3058.18,264.0,1,Urban,Approved
2871,Female,No,1,Graduated,Yes,47952.0,78633.0,840.04,329.0,1,Rural,Approved
2872,Male,Yes,0,Not Graduated,No,48379.0,61560.0,579.85,,1,Urban,Rejected
2873,Female,No,4,Graduated,No,78143.0,75008.0,3507.10,94.0,1,Urban,Rejected
2874,Female,No,1,Graduated,Yes,65020.0,2272.0,1209.74,76.0,1,Urban,Approved
2875,Male,Yes,0,Not Graduated,No,48379.0,61560.0,4766.18,,1,Urban,Rejected
2876,Male,Yes,0,Not Graduated,Yes,97056.0,55593.0,1094.53,66.0,1,Urban,Rejected
2877,Male,Yes,2,Not Graduated,Yes,72450.0,66113.0,6245.43,206.0,1,Urban,Rejected
2878,Female,Yes,1,Graduated,Yes,61928.0,80001.0,6761.89,89.0,1,Rural,Approved
2879,Female,Yes,0,Graduated,Yes,61672.0,89173.0,9059.83,214.0,1,Urban,Approved
2880,Male,Yes,3,Graduated,No,17142.0,38534.0,4609.58,37.0,1,Rural,Rejected
2881,Female,No,0,Graduated,Yes,64237.0,89405.0,9489.13,8.0,1,Rural,Approved
2882,Female,No,4,Graduated,No,78143.0,75008.0,4554.42,,1,Urban,Rejected
2883,Female,No,0,Graduated,Yes,78801.0,93556.0,3030.58,69.0,1,Urban,Approved
2884,Male,Yes,0,Not Graduated,No,48379.0,61560.0,9056.84,,1,Urban,Rejected
2885,Male,Yes,2,Graduated,Yes,90000000.0,,927.56,261.0,1,Urban,Approved
2886,Male,Yes,2,Not Graduated,No,85614.0,37338.0,652.72,108.0,1,Urban,Rejected
2887,Female,Yes,2,Graduated,Yes,99388.0,83476.0,241.35,352.0,1,Rural,Approved
2888,Male,No,1,Graduated,Yes,49782.0,64587.0,9987.25,123.0,1,Rural,Approved
2889,Female,Yes,1,Graduated,Yes,96227.0,31314.0,2429.20,,1,Urban,Approved
2890,Female,No,0,Graduated,Yes,63701.0,9942.0,3802.99,353.0,1,Rural,Approved
2891,Male,No,1,Graduated,Yes,63726.0,22514.0,8507.64,,1,Urban,Approved
2892,Female,Yes,0,Graduated,Yes,59349.0,69922.0,7924.29,159.0,1,Rural,Rejected
2893,Male,No,1,Graduated,Yes,49782.0,64587.0,3640.41,271.0,1,Rural,Approved
2894,Male,No,3,Graduated,Yes,72968.0,8709.0,4799.25,117.0,1,Rural,Approved
2895,Female,Yes,0,Graduated,Yes,66289.0,30020.0,5592.61,278.0,1,Urban,Approved
2896,Female,No,1,Graduated,Yes,64624.0,70317.0,9373.47,286.0,1,Urban,Approved
2897,Female,No,3,Graduated,Yes,84783.0,56221.0,4323.94,112.0,1,Urban,Approved
2898,Female,Yes,0,Graduated,Yes,59349.0,69922.0,5998.12,,1,Rural,Rejected
2899,Male,No,3,Graduated,Yes,72968.0,8709.0,2788.25,330.0,1,Rural,Approved
2900,Male,Yes,0,Graduated,Yes,61224.0,91173.0,8573.37,264.0,1,Rural,Approved
2901,Male,No,3,Graduated,Yes,92958.0,19123.0,9821.34,42.0,1,Rural,Rejected
2902,Male,Yes,3,Graduated,Yes,400000.0,,3702.69,175.0,1,Urban,Rejected
2903,Female,Yes,1,Graduated,Yes,96227.0,31314.0,8932.38,302.0,1,Urban,Approved
2904,Male,No,3,Graduated,Yes,92958.0,19123.0,5182.07,17.0,1,Rural,Rejected
2905,Male,Yes,3,Not Graduated,Yes,58810.0,3042.0,6579.83,201.0,1,Urban,Rejected
2906,Male,Yes,2,Graduated,Yes,94815.0,82294.0,4544.83,126.0,1,Rural,Approved
2907,Female,Yes,1,Graduated,Yes,96227.0,31314.0,5977.89,,1,Urban,Approved
2908,Female,No,1,Graduated,Yes,64624.0,70317.0,7217.99,86.0,1,Urban,Approved
2909,Male,Yes,0,Graduated,Yes,90000.0,,894.55,256.0,1,Urban,Rejected
2910,Female,No,3,Graduated,Yes,49271.0,2592.0,7735.91,147.0,1,Urban,Approved
2911,Male,Yes,2,Graduated,Yes,1000000.0,,5931.89,124.0,1,Urban,Rejected
2912,Female,Yes,0,Graduated,Yes,59349.0,69922.0,9770.20,108.0,1,Rural,Rejected
2913,Male,Yes,3,Graduated,No,17142.0,38534.0,776.14,202.0,1,Rural,Rejected
2914,Female,No,0,Graduated,Yes,64237.0,89405.0,3873.56,43.0,1,Rural,Approved
2915,Female,No,3,Graduated,Yes,49271.0,2592.0,4437.29,203.0,1,Urban,Approved
2916,Male,Yes,1,Graduated,Yes,60007.0,,2241.90,,1,Urban,Rejected
2917,Male,Yes,3,Graduated,No,17142.0,38534.0,9203.20,41.0,1,Rural,Rejected
2918,Male,Yes,0,Graduated,Yes,90000.0,,3732.34,235.0,1,Urban,Rejected
2919,Female,Yes,2,Graduated,Yes,65751.0,98697.0,6366.69,103.0,1,Urban,Approved
2920,Female,No,1,Graduated,Yes,53029.0,80386.0,7912.31,300.0,1,Urban,Approved
2921,Female,Yes,0,Graduated,Yes,56841.0,29140.0,7448.24,29.0,1,Rural,Rejected
2922,Male,Yes,3,Not Graduated,Yes,58810.0,3042.0,8209.66,269.0,1,Urban,Rejected
2923,Female,No,0,Graduated,Yes,78801.0,93556.0,2228.97,203.0,1,Urban,Approved
2924,Female,No,1,Graduated,Yes,53029.0,80386.0,6592.20,97.0,1,Urban,Approved
2925,Male,Yes,3,Graduated,Yes,66088.0,47814.0,5399.47,195.0,1,Urban,Approved
2926,Male,No,1,Graduated,Yes,49782.0,64587.0,5439.45,195.0,1,Rural,Approved
2927,Male,No,1,Graduated,Yes,42420.0,78653.0,1919.50,283.0,1,Rural,Approved
2928,Male,No,3,Graduated,Yes,72968.0,8709.0,852.90,,1,Rural,Approved
2929,Female,No,0,Graduated,Yes,64237.0,89405.0,1241.71,242.0,1,Rural,Approved
2930,Female,Yes,2,Graduated,Yes,65751.0,98697.0,9394.47,328.0,1,Urban,Approved
2931,Male,No,3,Graduated,Yes,46064.0,5261.0,4354.07,29.0,1,Urban,Approved
2932,Female,Yes,1,Graduated,Yes,77624.0,60369.0,6403.23,74.0,1,Urban,Approved
2933,Male,Yes,0,Not Graduated,No,48379.0,61560.0,5128.42,140.0,1,Urban,Rejected
2934,Male,Yes,2,Not Graduated,No,85614.0,37338.0,292.83,211.0,1,Urban,Rejected
2935,Male,Yes,1,Graduated,Yes,78845.0,23981.0,937.97,296.0,1,Urban,Approved
2936,Female,No,1,Graduated,Yes,65020.0,2272.0,6779.02,77.0,1,Urban,Approved
2937,Male,No,2,Graduated,Yes,65756.0,64134.0,151.23,228.0,1,Urban,Rejected
2938,Female,Yes,2,Graduated,Yes,50496.0,771.0,1602.87,46.0,1,Rural,Approved
2939,Male,No,1,Graduated,Yes,49782.0,64587.0,5891.86,93.0,1,Rural,Approved
2940,Male,No,3,Graduated,Yes,92958.0,19123.0,9399.91,192.0,1,Rural,Rejected
2941,Female,No,1,Graduated,Yes,91200.0,24732.0,1252.14,160.0,1,Urban,Approved
2942,Male,Yes,0,Graduated,No,80491.0,59539.0,8512.79,,1,Rural,Approved
2943,Male,No,1,Graduated,Yes,78127.0,45174.0,8974.25,280.0,1,Urban,Approved
2944,Female,No,1,Graduated,Yes,65020.0,2272.0,4530.41,333.0,1,Urban,Approved
2945,Male,Yes,0,Graduated,Yes,61224.0,91173.0,513.66,139.0,1,Rural,Approved
2946,Female,Yes,0,Graduated,Yes,61672.0,89173.0,3244.87,,1,Urban,Approved
2947,Male,No,1,Graduated,Yes,78127.0,45174.0,1507.60,53.0,1,Urban,Approved
2948,Male,Yes,2,Not Graduated,No,85614.0,37338.0,8380.57,363.0,1,Urban,Rejected
2949,Female,No,4,Graduated,No,78143.0,75008.0,271.47,,1,Urban,Rejected
2950,Male,No,1,Graduated,Yes,49782.0,64587.0,9240.84,259.0,1,Rural,Rejected
2951,Male,Yes,2,Graduated,Yes,1000000.0,,3780.27,240.0,1,Urban,Rejected
2952,Male,Yes,1,Graduated,Yes,98478.0,45963.0,9468.88,,1,Rural,Approved
2953,Female,Yes,0,Graduated,Yes,56841.0,29140.0,8650.98,,1,Rural,Rejected
2954,Male,Yes,1,Graduated,Yes,60007.0,,4970.77,42.0,1,Urban,Rejected
2955,Male,No,0,Not Graduated,No,38532.0,25635.0,6847.50,173.0,1,Urban,Rejected
2956,Female,No,0,Graduated,Yes,26024.0,46730.0,7854.89,301.0,1,Urban,Rejected
2957,Female,No,0,Graduated,Yes,26024.0,46730.0,1399.75,164.0,1,Urban,Rejected
2958,Female,No,0,Graduated,Yes,41836.0,80262.0,4136.08,270.0,1,Rural,Approved
2959,Male,Yes,1,Graduated,Yes,78845.0,23981.0,3606.62,287.0,1,Urban,Approved
2960,Female,Yes,0,Graduated,Yes,66289.0,30020.0,5880.64,114.0,1,Urban,Approved
2961,Female,Yes,2,Graduated,Yes,50496.0,771.0,9447.81,25.0,1,Rural,Approved
2962,Male,Yes,3,Graduated,No,17142.0,38534.0,7068.09,73.0,1,Rural,Rejected
2963,Male,No,1,Graduated,Yes,71160.0,84727.0,5827.19,34.0,1,Rural,Rejected
2964,Female,Yes,2,Not Graduated,Yes,78314.0,65876.0,9279.33,230.0,1,Urban,Rejected
2965,Female,No,1,Graduated,Yes,47952.0,78633.0,2338.91,91.0,1,Rural,Approved
2966,Male,No,1,Graduated,Yes,78127.0,45174.0,9086.74,117.0,1,Urban,Approved
2967,Male,No,1,Graduated,Yes,49782.0,64587.0,659.72,330.0,1,Rural,Rejected
2968,Female,Yes,1,Graduated,Yes,54211.0,32161.0,441.81,8.0,1,Rural,Approved
2969,Male,Yes,1,Graduated,Yes,98478.0,45963.0,9184.17,173.0,1,Rural,Approved
2970,Male,No,1,Graduated,Yes,42420.0,78653.0,7115.43,147.0,1,Rural,Approved
2971,Male,No,2,Graduated,Yes,65756.0,64134.0,607.92,349.0,1,Urban,Rejected
2972,Male,No,2,Graduated,Yes,41197.0,29460.0,9919.91,,1,Urban,Approved
2973,Male,Yes,0,Not Graduated,No,48379.0,61560.0,5886.53,11.0,1,Urban,Rejected
2974,Male,Yes,3,Not Graduated,Yes,58810.0,3042.0,1233.73,192.0,1,Urban,Rejected
2975,Female,No,0,Graduated,Yes,64237.0,89405.0,6223.63,141.0,1,Rural,Rejected
2976,Male,Yes,2,Graduated,Yes,94815.0,82294.0,4048.25,304.0,1,Rural,Approved
2977,Female,Yes,2,Not Graduated,No,93804.0,98614.0,6967.96,254.0,1,Urban,Rejected
2978,Male,Yes,0,Graduated,Yes,98545.0,70005.0,4629.95,287.0,1,Rural,Approved
2979,Female,No,0,Graduated,Yes,63701.0,9942.0,2484.90,,1,Rural,Approved
2980,Male,No,1,Graduated,Yes,42420.0,78653.0,9317.65,121.0,1,Rural,Approved
2981,Female,No,0,Graduated,Yes,64237.0,89405.0,4808.61,350.0,1,Rural,Rejected
2982,Female,No,0,Graduated,Yes,64237.0,89405.0,6230.09,,1,Rural,Rejected
2983,Male,Yes,1,Graduated,Yes,60007.0,,8310.92,239.0,1,Urban,Rejected
2984,Female,No,0,Graduated,Yes,63701.0,9942.0,7391.36,242.0,1,Rural,Approved
2985,Male,Yes,0,Graduated,Yes,61224.0,91173.0,810.07,123.0,1,Rural,Approved
2986,Female,No,1,Graduated,Yes,64624.0,70317.0,5932.22,,1,Urban,Approved
2987,Female,No,3,Graduated,Yes,98976.0,53981.0,5182.77,12.0,1,Urban,Approved
2988,Female,Yes,2,Not Graduated,No,93804.0,98614.0,4223.81,,1,Urban,Rejected
2989,Female,Yes,2,Graduated,Yes,65751.0,98697.0,4322.56,180.0,1,Urban,Approved
2990,Male,No,3,Graduated,Yes,52245.0,11444.0,8454.14,246.0,1,Rural,Approved
2991,Male,Yes,2,Graduated,Yes,1000000.0,,6874.04,322.0,1,Urban,Rejected
2992,Male,Yes,3,Graduated,Yes,6473820.0,,4633.44,185.0,1,Urban,Rejected
2993,Female,Yes,1,Not Graduated,Yes,12678.0,87218.0,6942.59,348.0,1,Rural,Rejected
2994,Male,No,1,Graduated,Yes,42420.0,78653.0,7696.73,40.0,1,Rural,Approved
2995,Male,Yes,0,Not Graduated,Yes,97056.0,55593.0,5657.26,340.0,1,Urban,Rejected
2996,Female,Yes,2,Graduated,Yes,50496.0,771.0,4562.59,298.0,1,Rural,Approved
2997,Male,No,3,Graduated,Yes,46064.0,5261.0,2663.71,149.0,1,Urban,Approved
2998,Female,Yes,2,Graduated,Yes,65751.0,98697.0,6777.59,344.0,1,Urban,Approved
2999,Female,Yes,1,Graduated,Yes,77624.0,60369.0,7249.23,262.0,1,Urban,Approved
3000,Female,Yes,0,Graduated,Yes,59349.0,69922.0,9702.60,350.0,1,Rural,Rejected
3001,Male,Yes,2,Graduated,Yes,94815.0,82294.0,8298.82,167.0,1,Rural,Approved
3002,Female,Yes,0,Graduated,Yes,66289.0,30020.0,1913.62,222.0,1,Urban,Approved
3003,Male,No,3,Graduated,Yes,92958.0,19123.0,1600.25,137.0,1,Rural,Rejected
3004,Female,Yes,1,Graduated,Yes,61928.0,80001.0,9651.66,268.0,1,Rural,Approved
3005,Female,No,0,Graduated,Yes,64237.0,89405.0,7526.95,54.0,1,Rural,Rejected
3006,Male,No,4,Graduated,No,97199.0,30560.0,3900.76,290.0,1,Rural,Rejected
3007,Female,Yes,1,Graduated,Yes,77624.0,60369.0,1596.98,98.0,1,Urban,Rejected
3008,Female,No,3,Graduated,Yes,84783.0,56221.0,9379.61,117.0,1,Urban,Approved
3009,Female,No,3,Graduated,Yes,98976.0,53981.0,6965.39,246.0,1,Urban,Approved
3010,Male,Yes,1,Graduated,Yes,78845.0,23981.0,6682.65,,1,Urban,Approved
3011,Female,Yes,0,Graduated,Yes,61672.0,89173.0,2589.71,277.0,1,Urban,Approved
3012,Male,Yes,1,Graduated,Yes,60007.0,,1121.02,340.0,1,Urban,Rejected
3013,Female,Yes,0,Graduated,Yes,59349.0,69922.0,8483.79,227.0,1,Rural,Rejected
3014,Male,Yes,0,Graduated,Yes,90000.0,,9030.46,221.0,1,Urban,Rejected
3015,Male,No,2,Graduated,Yes,65756.0,64134.0,4503.88,235.0,1,Urban,Rejected
3016,Female,Yes,2,Graduated,Yes,50496.0,771.0,6933.72,151.0,1,Rural,Approved
3017,Female,Yes,1,Graduated,Yes,61928.0,80001.0,8029.69,,1,Rural,Approved
3018,Male,Yes,3,Graduated,Yes,6473820.0,,7130.06,8.0,1,Urban,Rejected
3019,Female,Yes,1,Graduated,Yes,54211.0,32161.0,9080.54,,1,Rural,Rejected
3020,Male,No,3,Graduated,Yes,46064.0,5261.0,4569.40,297.0,1,Urban,Approved
3021,Female,Yes,1,Graduated,Yes,96227.0,31314.0,6404.24,189.0,1,Urban,Approved
3022,Male,Yes,0,Graduated,No,80491.0,59539.0,3279.14,222.0,1,Rural,Approved
3023,Female,Yes,2,Graduated,Yes,99388.0,83476.0,3516.46,160.0,1,Rural,Approved
3024,Female,Yes,0,Graduated,Yes,66289.0,30020.0,8369.11,178.0,1,Urban,Approved
3025,Male,No,1,Graduated,Yes,42420.0,78653.0,2975.09,266.0,1,Rural,Approved
3026,Female,No,0,Graduated,Yes,63701.0,9942.0,6387.90,196.0,1,Rural,Approved
3027,Male,Yes,2,Not Graduated,No,85614.0,37338.0,120.50,278.0,1,Urban,Rejected
3028,Male,Yes,0,Graduated,Yes,98545.0,70005.0,1437.06,,1,Rural,Approved
3029,Female,Yes,2,Not Graduated,Yes,78314.0,65876.0,1160.90,203.0,1,Urban,Rejected
3030,Male,Yes,2,Graduated,Yes,94815.0,82294.0,2741.88,309.0,1,Rural,Approved
3031,Male,No,3,Graduated,Yes,92958.0,19123.0,8788.80,,1,Rural,Rejected
3032,Female,Yes,0,Graduated,Yes,61672.0,89173.0,9429.57,266.0,1,Urban,Approved
3033,Female,No,4,Graduated,No,78143.0,75008.0,9924.59,,1,Urban,Rejected
3034,Female,Yes,2,Not Graduated,No,93804.0,98614.0,7567.59,170.0,1,Urban,Rejected
3035,Male,Yes,0,Graduated,Yes,98545.0,70005.0,417.05,199.0,1,Rural,Approved
3036,Female,No,1,Graduated,Yes,64624.0,70317.0,9212.52,33.0,1,Urban,Approved
3037,Female,Yes,1,Not Graduated,Yes,12678.0,87218.0,9858.21,326.0,1,Rural,Rejected
3038,Male,No,0,Not Graduated,No,38532.0,25635.0,6463.40,59.0,1,Urban,Rejected
3039,Female,Yes,1,Graduated,Yes,96227.0,31314.0,2608.00,55.0,1,Urban,Rejected
3040,Female,Yes,2,Not Graduated,Yes,78314.0,65876.0,5634.43,76.0,1,Urban,Rejected
3041,Female,Yes,1,Not Graduated,Yes,12678.0,87218.0,786.90,125.0,1,Rural,Rejected
3042,Male,Yes,0,Graduated,No,80491.0,59539.0,7135.78,69.0,1,Rural,Approved
3043,Male,No,1,Graduated,Yes,72154.0,20330.0,6736.56,,1,Urban,Approved
3044,Male,Yes,3,Graduated,Yes,400000.0,,4244.04,167.0,1,Urban,Rejected
3045,Female,Yes,1,Not Graduated,Yes,12678.0,87218.0,2205.21,277.0,1,Rural,Rejected
3046,Male,No,3,Graduated,Yes,72968.0,8709.0,2938.62,48.0,1,Rural,Approved
3047,Male,Yes,2,Graduated,Yes,94815.0,82294.0,7318.42,239.0,1,Rural,Rejected
3048,Male,No,1,Graduated,Yes,72154.0,20330.0,2374.49,334.0,1,Urban,Approved
3049,Male,Yes,3,Not Graduated,Yes,58810.0,3042.0,8267.33,128.0,1,Urban,Rejected
3050,Female,No,0,Graduated,Yes,64237.0,89405.0,9340.82,223.0,1,Rural,Rejected
3051,Male,Yes,0,Graduated,Yes,98545.0,70005.0,2574.53,283.0,1,Rural,Approved
3052,Female,No,0,Graduated,Yes,96208.0,67879.0,5763.31,302.0,1,Urban,Approved
3053,Female,Yes,2,Not Graduated,No,93804.0,98614.0,2812.01,298.0,1,Urban,Rejected
3054,Male,No,4,Graduated,No,97199.0,30560.0,1545.51,329.0,1,Rural,Rejected
3055,Male,Yes,2,Not Graduated,No,85614.0,37338.0,8613.93,125.0,1,Urban,Rejected
3056,Male,No,2,Graduated,Yes,65756.0,64134.0,9517.65,,1,Urban,Rejected
3057,Female,No,0,Graduated,Yes,41836.0,80262.0,3081.42,213.0,1,Rural,Approved
3058,Female,No,1,Graduated,Yes,47952.0,78633.0,4366.09,268.0,1,Rural,Approved
3059,Female,Yes,2,Graduated,Yes,50496.0,771.0,1813.27,352.0,1,Rural,Approved
3060,Male,Yes,3,Graduated,Yes,400000.0,,6505.20,278.0,1,Urban,Rejected
3061,Male,No,1,Graduated,Yes,63726.0,22514.0,135.02,303.0,1,Urban,Approved
3062,Female,Yes,2,Graduated,Yes,99388.0,83476.0,9849.32,243.0,1,Rural,Approved
3063,Male,Yes,2,Graduated,Yes,97866.0,86926.0,9604.31,,1,Urban,Approved
3064,Male,Yes,2,Graduated,Yes,1000000.0,,5520.89,176.0,1,Urban,Rejected
3065,Female,Yes,1,Graduated,Yes,61928.0,80001.0,7521.53,265.0,1,Rural,Approved
3066,Female,Yes,0,Graduated,Yes,56841.0,29140.0,2306.84,165.0,1,Rural,Rejected
3067,Male,No,3,Graduated,Yes,46064.0,5261.0,1427.61,230.0,1,Urban,Rejected
3068,Female,No,1,Graduated,Yes,91200.0,24732.0,4858.22,220.0,1,Urban,Approved
3069,Male,No,0,Not Graduated,No,38532.0,25635.0,5051.82,120.0,1,Urban,Rejected
3070,Male,No,3,Graduated,Yes,46064.0,5261.0,8093.17,125.0,1,Urban,Rejected
3071,Female,No,0,Graduated,Yes,41836.0,80262.0,7332.54,,1,Rural,Approved
3072,Male,No,1,Graduated,Yes,63726.0,22514.0,2874.16,326.0,1,Urban,Rejected
3073,Male,Yes,2,Graduated,Yes,1000000.0,,6064.84,1.0,1,Urban,Rejected
3074,Female,No,1,Graduated,Yes,53029.0,80386.0,4527.44,,1,Urban,Approved
3075,Female,No,1,Graduated,Yes,47952.0,78633.0,5576.57,17.0,1,Rural,Approved
3076,Female,No,3,Graduated,Yes,84783.0,56221.0,9270.33,282.0,1,Urban,Approved
3077,Female,Yes,0,Graduated,Yes,56841.0,29140.0,4583.71,,1,Rural,Rejected
3078,Male,No,3,Graduated,Yes,72968.0,8709.0,6566.47,202.0,1,Rural,Approved
3079,Female,Yes,0,Graduated,Yes,59349.0,69922.0,4144.52,,1,Rural,Approved
3080,Female,No,1,Graduated,Yes,91200.0,24732.0,7347.81,,1,Urban,Approved
3081,Male,No,1,Graduated,Yes,42420.0,78653.0,1279.38,223.0,1,Rural,Approved
3082,Female,Yes,0,Graduated,Yes,59349.0,69922.0,8116.96,93.0,1,Rural,Rejected
3083,Male,Yes,3,Graduated,Yes,6473820.0,,9082.24,206.0,1,Urban,Rejected
3084,Male,Yes,3,Graduated,Yes,83385.0,55006.0,4117.24,255.0,1,Urban,Rejected
3085,Male,Yes,3,Graduated,Yes,66088.0,47814.0,9965.09,145.0,1,Urban,Approved
3086,Male,No,3,Graduated,Yes,46064.0,5261.0,8298.97,360.0,1,Urban,Rejected
3087,Female,Yes,0,Graduated,Yes,59349.0,69922.0,6188.34,132.0,1,Rural,Rejected
3088,Male,Yes,0,Graduated,No,80491.0,59539.0,7879.51,141.0,1,Rural,Approved
3089,Female,No,0,Graduated,Yes,78801.0,93556.0,7610.49,13.0,1,Urban,Approved
3090,Female,No,0,Graduated,Yes,96208.0,67879.0,6042.34,278.0,1,Urban,Rejected
3091,Female,No,1,Graduated,Yes,53029.0,80386.0,9408.26,85.0,1,Urban,Approved
3092,Female,No,0,Graduated,Yes,26024.0,46730.0,9203.67,,1,Urban,Rejected
3093,Female,Yes,1,Graduated,Yes,96227.0,31314.0,4747.75,323.0,1,Urban,Rejected
3094,Male,Yes,0,Graduated,No,80491.0,59539.0,2846.93,191.0,1,Rural,Approved
3095,Male,Yes,3,Graduated,Yes,400000.0,,9635.69,,1,Urban,Rejected
3096,Female,No,1,Graduated,Yes,65020.0,2272.0,9252.63,159.0,1,Urban,Approved
3097,Female,No,4,Graduated,No,78143.0,75008.0,3500.76,66.0,1,Urban,Rejected
3098,Male,No,0,Not Graduated,No,38532.0,25635.0,4185.21,155.0,1,Urban,Rejected
3099,Female,Yes,0,Graduated,Yes,56841.0,29140.0,1492.42,119.0,1,Rural,Rejected
3100,Male,Yes,3,Graduated,Yes,6473820.0,,5176.81,104.0,1,Urban,Rejected
3101,Male,Yes,0,Not Graduated,No,48379.0,61560.0,4356.00,245.0,1,Urban,Rejected
3102,Male,Yes,0,Graduated,Yes,98545.0,70005.0,5372.20,83.0,1,Rural,Approved
3103,Male,Yes,3,Graduated,Yes,6473820.0,,8399.72,84.0,1,Urban,Rejected
3104,Female,Yes,2,Not Graduated,No,93804.0,98614.0,7093.99,4.0,1,Urban,Rejected
3105,Female,Yes,0,Graduated,Yes,66289.0,30020.0,730.80,42.0,1,Urban,Approved
3106,Female,Yes,1,Graduated,Yes,96227.0,31314.0,672.74,200.0,1,Urban,Rejected
3107,Male,No,1,Graduated,Yes,78127.0,45174.0,1833.20,22.0,1,Urban,Approved
3108,Female,No,1,Graduated,Yes,91200.0,24732.0,416.93,323.0,1,Urban,Approved
3109,Male,Yes,2,Not Graduated,No,85614.0,37338.0,3645.07,1.0,1,Urban,Rejected
3110,Female,No,0,Graduated,Yes,96208.0,67879.0,8637.26,151.0,1,Urban,Rejected
3111,Male,No,2,Graduated,Yes,65756.0,64134.0,1977.38,25.0,1,Urban,Rejected
3112,Male,Yes,0,Not Graduated,No,48379.0,61560.0,9457.65,19.0,1,Urban,Rejected
3113,Male,No,1,Graduated,Yes,78127.0,45174.0,6779.70,187.0,1,Urban,Rejected
3114,Male,No,2,Graduated,Yes,65756.0,64134.0,3312.26,347.0,1,Urban,Rejected
3115,Female,Yes,2,Graduated,Yes,50496.0,771.0,8814.85,131.0,1,Rural,Approved
3116,Female,No,1,Graduated,Yes,47952.0,78633.0,1304.51,,1,Rural,Approved
3117,Female,No,1,Graduated,Yes,91200.0,24732.0,9929.94,29.0,1,Urban,Approved
3118,Female,Yes,0,Graduated,Yes,61672.0,89173.0,9762.36,196.0,1,Urban,Approved
3119,Male,Yes,2,Not Graduated,Yes,72450.0,66113.0,1436.69,118.0,1,Urban,Rejected
3120,Female,No,0,Graduated,Yes,64237.0,89405.0,8824.84,86.0,1,Rural,Rejected
3121,Male,No,3,Graduated,Yes,72968.0,8709.0,7995.92,,1,Rural,Approved
3122,Female,Yes,1,Graduated,Yes,96227.0,31314.0,7170.04,,1,Urban,Rejected
3123,Male,Yes,0,Not Graduated,No,48379.0,61560.0,6087.42,323.0,1,Urban,Rejected
3124,Male,No,1,Graduated,Yes,63726.0,22514.0,3676.78,,1,Urban,Rejected
3125,Male,Yes,3,Graduated,Yes,83385.0,55006.0,5674.84,185.0,1,Urban,Rejected
3126,Male,No,2,Graduated,Yes,65756.0,64134.0,8898.08,68.0,1,Urban,Rejected
3127,Female,No,1,Graduated,Yes,64624.0,70317.0,4201.31,5.0,1,Urban,Rejected
3128,Female,Yes,0,Graduated,Yes,66289.0,30020.0,1880.83,211.0,1,Urban,Approved
3129,Female,No,0,Graduated,Yes,63701.0,9942.0,8759.86,133.0,1,Rural,Approved
3130,Male,Yes,0,Not Graduated,Yes,97056.0,55593.0,3017.96,,1,Urban,Rejected
3131,Male,Yes,0,Graduated,Yes,98545.0,70005.0,4681.56,92.0,1,Rural,Approved
3132,Male,Yes,1,Graduated,Yes,60007.0,,4090.59,311.0,1,Urban,Rejected
3133,Male,Yes,0,Graduated,Yes,61224.0,91173.0,1606.27,,1,Rural,Approved
3134,Male,Yes,3,Not Graduated,Yes,58810.0,3042.0,4117.20,2.0,1,Urban,Rejected
3135,Male,No,1,Graduated,Yes,63726.0,22514.0,216.24,64.0,1,Urban,Rejected
3136,Male,Yes,0,Graduated,Yes,98545.0,70005.0,1154.28,57.0,1,Rural,Rejected
3137,Male,Yes,2,Not Graduated,No,85614.0,37338.0,5633.71,261.0,1,Urban,Rejected
3138,Male,Yes,0,Graduated,Yes,98545.0,70005.0,2645.82,322.0,1,Rural,Rejected
3139,Male,Yes,0,Graduated,Yes,61224.0,91173.0,5051.15,75.0,1,Rural,Approved
3140,Female,Yes,2,Graduated,Yes,99388.0,83476.0,2122.98,,1,Rural,Approved
3141,Female,Yes,0,Graduated,Yes,66289.0,30020.0,7675.48,63.0,1,Urban,Approved
3142,Female,Yes,2,Graduated,Yes,50496.0,771.0,2988.21,150.0,1,Rural,Approved
3143,Female,Yes,1,Graduated,Yes,77624.0,60369.0,7839.94,75.0,1,Urban,Rejected
3144,Male,Yes,3,Graduated,Yes,66088.0,47814.0,4286.93,31.0,1,Urban,Approved
3145,Female,Yes,1,Graduated,Yes,77624.0,60369.0,2207.88,108.0,1,Urban,Rejected
3146,Male,Yes,2,Not Graduated,No,85614.0,37338.0,4867.50,259.0,1,Urban,Rejected
3147,Female,Yes,1,Graduated,Yes,54211.0,32161.0,8549.91,346.0,1,Rural,Rejected
3148,Female,No,0,Graduated,Yes,78801.0,93556.0,7973.28,,1,Urban,Approved
3149,Male,No,2,Graduated,Yes,65756.0,64134.0,3797.85,55.0,1,Urban,Rejected
3150,Male,Yes,2,Not Graduated,No,85614.0,37338.0,334.90,153.0,1,Urban,Rejected
3151,Male,Yes,3,Graduated,Yes,66088.0,47814.0,1804.89,,1,Urban,Rejected
3152,Male,No,1,Graduated,Yes,43552.0,86566.0,4937.63,,1,Urban,Approved
3153,Female,No,0,Graduated,Yes,26024.0,46730.0,604.75,328.0,1,Urban,Rejected
3154,Male,Yes,0,Graduated,No,80491.0,59539.0,4775.56,33.0,1,Rural,Rejected
3155,Male,No,3,Graduated,Yes,72968.0,8709.0,4202.54,,1,Rural,Rejected
3156,Male,No,1,Graduated,Yes,72154.0,20330.0,8965.26,138.0,1,Urban,Rejected
3157,Female,No,0,Graduated,Yes,26024.0,46730.0,9974.24,131.0,1,Urban,Rejected
3158,Female,Yes,1,Graduated,Yes,61928.0,80001.0,8991.61,278.0,1,Rural,Approved
3159,Female,Yes,0,Graduated,Yes,59349.0,69922.0,3867.68,67.0,1,Rural,Rejected
3160,Female,Yes,0,Graduated,Yes,54754.0,46226.0,1147.61,,1,Rural,Approved
3161,Female,No,0,Graduated,Yes,41836.0,80262.0,4346.01,113.0,1,Rural,Approved
3162,Female,No,1,Graduated,Yes,91200.0,24732.0,9928.08,245.0,1,Urban,Rejected
3163,Male,Yes,2,Graduated,Yes,91560.0,55944.0,492.95,323.0,1,Rural,Rejected
3164,Female,No,0,Graduated,Yes,26024.0,46730.0,970.82,354.0,1,Urban,Rejected
3165,Male,No,1,Graduated,Yes,43552.0,86566.0,4086.15,334.0,1,Urban,Approved
3166,Male,No,3,Graduated,Yes,46064.0,5261.0,2340.92,182.0,1,Urban,Rejected
3167,Female,No,1,Graduated,Yes,65020.0,2272.0,6941.08,198.0,1,Urban,Approved
3168,Male,No,2,Graduated,Yes,65756.0,64134.0,3487.52,11.0,1,Urban,Rejected
3169,Female,No,0,Graduated,Yes,64237.0,89405.0,8764.24,163.0,1,Rural,Rejected
3170,Male,Yes,1,Graduated,Yes,78845.0,23981.0,962.72,269.0,1,Urban,Approved
3171,Male,Yes,2,Graduated,Yes,91560.0,55944.0,255.23,280.0,1,Rural,Rejected
3172,Male,Yes,0,Not Graduated,Yes,97056.0,55593.0,6116.30,,1,Urban,Rejected
3173,Female,No,1,Graduated,Yes,53029.0,80386.0,5739.51,,1,Urban,Approved
3174,Male,Yes,2,Graduated,Yes,94815.0,82294.0,1078.00,113.0,1,Rural,Rejected
3175,Male,No,0,Not Graduated,No,38532.0,25635.0,2186.72,289.0,1,Urban,Rejected
3176,Female,Yes,0,Graduated,Yes,61672.0,89173.0,7310.71,146.0,1,Urban,Approved
3177,Male,Yes,3,Not Graduated,Yes,58810.0,3042.0,1620.37,200.0,1,Urban,Rejected
3178,Male,Yes,0,Graduated,Yes,90000.0,,9512.47,,1,Urban,Rejected
3179,Female,Yes,2,Not Graduated,Yes,78314.0,65876.0,4193.48,28.0,1,Urban,Rejected
3180,Male,No,2,Graduated,Yes,41197.0,29460.0,7669.68,,1,Urban,Approved
3181,Female,No,1,Graduated,Yes,91200.0,24732.0,5088.25,327.0,1,Urban,Rejected
3182,Male,Yes,3,Graduated,Yes,6473820.0,,8225.58,229.0,1,Urban,Rejected
3183,Male,Yes,1,Graduated,Yes,123123.0,,5797.88,,1,Urban,Rejected
3184,Male,Yes,0,Graduated,No,80491.0,59539.0,1910.62,139.0,1,Rural,Rejected
3185,Female,No,3,Graduated,Yes,98976.0,53981.0,5681.79,316.0,1,Urban,Approved
3186,Male,Yes,0,Graduated,Yes,98545.0,70005.0,1513.17,2.0,1,Rural,Rejected
3187,Female,Yes,2,Not Graduated,Yes,78314.0,65876.0,1953.48,,1,Urban,Rejected
3188,Male,No,1,Graduated,Yes,43552.0,86566.0,8925.40,279.0,1,Urban,Approved
3189,Female,Yes,2,Not Graduated,Yes,78314.0,65876.0,1732.24,217.0,1,Urban,Rejected
3190,Male,No,3,Graduated,Yes,72968.0,8709.0,781.58,87.0,1,Rural,Rejected
3191,Female,No,0,Graduated,Yes,78801.0,93556.0,2666.36,,1,Urban,Approved
3192,Female,No,0,Graduated,Yes,41836.0,80262.0,1542.14,358.0,1,Rural,Approved
3193,Female,Yes,2,Graduated,Yes,50496.0,771.0,8954.83,35.0,1,Rural,Approved
3194,Male,No,0,Not Graduated,No,38532.0,25635.0,5693.68,303.0,1,Urban,Rejected
3195,Male,No,1,Graduated,Yes,63726.0,22514.0,992.09,95.0,1,Urban,Rejected
3196,Male,Yes,0,Not Graduated,Yes,97056.0,55593.0,9287.78,71.0,1,Urban,Rejected
3197,Male,No,3,Graduated,Yes,92958.0,19123.0,9442.15,60.0,1,Rural,Rejected
3198,Female,Yes,2,Not Graduated,Yes,78314.0,65876.0,1939.02,283.0,1,Urban,Rejected
3199,Female,Yes,2,Not Graduated,No,93804.0,98614.0,1086.97,288.0,1,Urban,Rejected
3200,Male,No,3,Graduated,Yes,49817.0,98201.0,4106.82,361.0,1,Rural,Approved
3201,Male,No,2,Graduated,Yes,65756.0,64134.0,5778.94,324.0,1,Urban,Rejected
3202,Male,No,0,Not Graduated,No,38532.0,25635.0,7127.95,170.0,1,Urban,Rejected
3203,Female,No,3,Graduated,Yes,84783.0,56221.0,8527.35,222.0,1,Urban,Approved
3204,Female,Yes,2,Graduated,Yes,65751.0,98697.0,8270.79,3.0,1,Urban,Approved
3205,Female,Yes,1,Graduated,Yes,96227.0,31314.0,5742.84,310.0,1,Urban,Rejected
3206,Male,Yes,1,Graduated,Yes,78845.0,23981.0,8784.14,120.0,1,Urban,Approved
3207,Female,Yes,0,Graduated,Yes,54754.0,46226.0,327.88,141.0,1,Rural,Approved
3208,Female,Yes,2,Graduated,Yes,65751.0,98697.0,2024.69,109.0,1,Urban,Approved
3209,Female,No,0,Graduated,Yes,96208.0,67879.0,4640.23,298.0,1,Urban,Rejected
3210,Male,Yes,2,Graduated,Yes,90000000.0,,3848.27,208.0,1,Urban,Rejected
3211,Male,No,1,Graduated,Yes,49782.0,64587.0,2934.83,137.0,1,Rural,Rejected
3212,Female,Yes,1,Graduated,Yes,61928.0,80001.0,4007.97,148.0,1,Rural,Approved
3213,Female,No,0,Graduated,Yes,64237.0,89405.0,5225.95,364.0,1,Rural,Rejected
3214,Female,No,1,Graduated,Yes,53029.0,80386.0,7927.10,139.0,1,Urban,Rejected
3215,Male,Yes,2,Not Graduated,Yes,72450.0,66113.0,3602.29,,1,Urban,Rejected
3216,Male,Yes,0,Not Graduated,Yes,97056.0,55593.0,4070.65,279.0,1,Urban,Rejected
3217,Male,Yes,0,Graduated,Yes,90000.0,,7201.55,288.0,1,Urban,Rejected
3218,Female,Yes,1,Graduated,Yes,61928.0,80001.0,5883.63,156.0,1,Rural,Rejected
3219,Female,Yes,2,Not Graduated,No,93804.0,98614.0,439.26,,1,Urban,Rejected
3220,Male,No,1,Graduated,Yes,49782.0,64587.0,4798.16,144.0,1,Rural,Rejected
3221,Male,Yes,0,Not Graduated,No,48379.0,61560.0,568.98,222.0,1,Urban,Rejected
3222,Male,No,0,Not Graduated,No,38532.0,25635.0,3664.78,188.0,1,Urban,Rejected
3223,Female,No,1,Graduated,Yes,65020.0,2272.0,4821.77,51.0,1,Urban,Rejected
3224,Male,No,2,Graduated,Yes,65756.0,64134.0,1973.89,306.0,1,Urban,Rejected
3225,Female,Yes,2,Graduated,Yes,99388.0,83476.0,8128.98,182.0,1,Rural,Rejected
3226,Male,No,1,Graduated,Yes,43552.0,86566.0,7462.52,229.0,1,Urban,Rejected
3227,Male,No,4,Graduated,No,97199.0,30560.0,1819.88,359.0,1,Rural,Rejected
3228,Female,Yes,1,Graduated,Yes,54211.0,32161.0,2829.41,250.0,1,Rural,Rejected
3229,Female,No,1,Graduated,Yes,65020.0,2272.0,7277.51,252.0,1,Urban,Rejected
3230,Female,No,1,Graduated,Yes,64624.0,70317.0,2032.59,,1,Urban,Rejected
3231,Male,No,3,Graduated,Yes,52245.0,11444.0,274.26,106.0,1,Rural,Approved
3232,Male,No,1,Graduated,Yes,49782.0,64587.0,9078.87,,1,Rural,Rejected
3233,Male,Yes,2,Graduated,Yes,94815.0,82294.0,7007.23,,1,Rural,Rejected
3234,Female,Yes,0,Graduated,Yes,59349.0,69922.0,3621.84,194.0,1,Rural,Rejected
3235,Male,Yes,1,Graduated,Yes,60007.0,,1582.13,,1,Urban,Rejected
3236,Female,No,0,Graduated,Yes,64237.0,89405.0,7049.51,179.0,1,Rural,Rejected
3237,Female,No,1,Graduated,Yes,91200.0,24732.0,763.08,312.0,1,Urban,Rejected
3238,Female,No,0,Graduated,Yes,64237.0,89405.0,3902.24,250.0,1,Rural,Rejected
3239,Female,Yes,2,Not Graduated,No,93804.0,98614.0,1577.49,362.0,1,Urban,Rejected
3240,Male,Yes,1,Graduated,Yes,98478.0,45963.0,6758.42,255.0,1,Rural,Approved
3241,Male,Yes,2,Not Graduated,Yes,72450.0,66113.0,7696.64,106.0,1,Urban,Rejected
3242,Female,Yes,2,Graduated,Yes,50496.0,771.0,7316.30,231.0,1,Rural,Rejected
3243,Male,Yes,0,Not Graduated,No,48379.0,61560.0,4249.64,207.0,1,Urban,Rejected
3244,Male,No,4,Graduated,No,97199.0,30560.0,4923.56,212.0,1,Rural,Rejected
3245,Female,No,3,Graduated,Yes,98976.0,53981.0,2547.18,209.0,1,Urban,Approved
3246,Female,Yes,0,Graduated,Yes,59349.0,69922.0,3510.36,287.0,1,Rural,Rejected
3247,Male,No,3,Graduated,Yes,46064.0,5261.0,7129.06,81.0,1,Urban,Rejected
3248,Female,Yes,2,Graduated,Yes,99388.0,83476.0,6483.81,279.0,1,Rural,Rejected
3249,Female,No,0,Graduated,Yes,64237.0,89405.0,8730.96,246.0,1,Rural,Rejected
3250,Male,Yes,2,Graduated,Yes,1000000.0,,9541.03,68.0,1,Urban,Rejected
3251,Female,Yes,1,Graduated,Yes,96227.0,31314.0,3117.79,78.0,1,Urban,Rejected
3252,Male,No,3,Graduated,Yes,46064.0,5261.0,9338.23,206.0,1,Urban,Rejected
3253,Male,No,2,Graduated,Yes,41197.0,29460.0,7454.10,278.0,1,Urban,Approved
3254,Male,No,1,Graduated,Yes,78127.0,45174.0,9220.57,25.0,1,Urban,Rejected
3255,Female,No,0,Graduated,Yes,41836.0,80262.0,6610.19,159.0,1,Rural,Approved
3256,Female,Yes,1,Graduated,Yes,96227.0,31314.0,803.66,,1,Urban,Rejected
3257,Male,Yes,0,Not Graduated,No,48379.0,61560.0,7253.79,304.0,1,Urban,Rejected
3258,Male,No,2,Graduated,Yes,41197.0,29460.0,218.00,174.0,1,Urban,Approved
3259,Male,Yes,0,Not Graduated,No,48379.0,61560.0,5711.05,306.0,1,Urban,Rejected
3260,Female,Yes,2,Graduated,Yes,99388.0,83476.0,3928.70,,1,Rural,Rejected
3261,Female,No,0,Graduated,Yes,96208.0,67879.0,8911.04,,1,Urban,Rejected
3262,Male,Yes,2,Graduated,Yes,97866.0,86926.0,7892.64,209.0,1,Urban,Approved
3263,Male,No,1,Graduated,Yes,72154.0,20330.0,3012.26,323.0,1,Urban,Approved
3264,Female,No,0,Graduated,Yes,64237.0,89405.0,2966.27,286.0,1,Rural,Rejected
3265,Male,Yes,2,Not Graduated,No,85614.0,37338.0,2342.88,57.0,1,Urban,Rejected
3266,Female,Yes,1,Graduated,Yes,61928.0,80001.0,3802.09,,1,Rural,Rejected
3267,Female,No,1,Graduated,Yes,64624.0,70317.0,615.34,45.0,1,Urban,Rejected
3268,Female,Yes,2,Not Graduated,Yes,78314.0,65876.0,7624.62,52.0,1,Urban,Rejected
3269,Male,Yes,2,Graduated,Yes,97866.0,86926.0,9147.55,59.0,1,Urban,Approved
3270,Male,Yes,0,Graduated,Yes,61224.0,91173.0,7206.21,157.0,1,Rural,Rejected
3271,Female,Yes,1,Graduated,Yes,96227.0,31314.0,1735.01,136.0,1,Urban,Rejected
3272,Male,Yes,0,Graduated,Yes,98545.0,70005.0,7413.86,205.0,1,Rural,Rejected
3273,Female,No,3,Graduated,Yes,49271.0,2592.0,7155.21,290.0,1,Urban,Approved
3274,Male,Yes,0,Graduated,Yes,90000.0,,8614.76,324.0,1,Urban,Rejected
3275,Female,Yes,1,Graduated,Yes,61928.0,80001.0,3856.67,288.0,1,Rural,Rejected
3276,Male,Yes,1,Graduated,Yes,78845.0,23981.0,2301.19,128.0,1,Urban,Approved
3277,Male,Yes,1,Graduated,Yes,123123.0,,8256.03,75.0,1,Urban,Rejected
3278,Male,Yes,0,Not Graduated,Yes,97056.0,55593.0,4536.57,,1,Urban,Rejected
3279,Male,Yes,2,Graduated,Yes,90000000.0,,6782.01,,1,Urban,Rejected
3280,Male,Yes,2,Graduated,Yes,94815.0,82294.0,3386.24,9.0,1,Rural,Rejected
3281,Male,No,2,Graduated,Yes,65756.0,64134.0,2189.47,,1,Urban,Rejected
3282,Female,No,3,Graduated,Yes,84783.0,56221.0,862.55,78.0,1,Urban,Approved
3283,Male,Yes,0,Graduated,Yes,61224.0,91173.0,8056.26,81.0,1,Rural,Rejected
3284,Male,Yes,2,Graduated,Yes,94815.0,82294.0,4064.64,194.0,1,Rural,Rejected
3285,Male,Yes,2,Graduated,Yes,91560.0,55944.0,6068.73,316.0,1,Rural,Rejected
3286,Male,No,1,Graduated,Yes,43552.0,86566.0,8853.30,,1,Urban,Rejected
3287,Female,No,1,Graduated,Yes,65020.0,2272.0,8762.95,306.0,1,Urban,Rejected
3288,Female,No,0,Graduated,Yes,26024.0,46730.0,5743.24,120.0,1,Urban,Rejected
3289,Male,Yes,2,Graduated,Yes,68580.0,73036.0,646.61,273.0,1,Rural,Approved
3290,Male,No,3,Graduated,Yes,92958.0,19123.0,3699.48,39.0,1,Rural,Rejected
3291,Female,Yes,0,Graduated,Yes,54754.0,46226.0,9634.63,57.0,1,Rural,Approved
3292,Female,No,0,Graduated,Yes,41836.0,80262.0,367.70,202.0,1,Rural,Approved
3293,Male,Yes,0,Graduated,Yes,90000.0,,3090.52,,1,Urban,Rejected
3294,Male,Yes,1,Graduated,Yes,123123.0,,4081.97,297.0,1,Urban,Rejected
3295,Female,Yes,0,Graduated,Yes,54754.0,46226.0,1478.45,,1,Rural,Approved
3296,Female,Yes,2,Graduated,Yes,65751.0,98697.0,1392.49,,1,Urban,Approved
3297,Female,No,0,Graduated,Yes,64237.0,89405.0,2205.73,347.0,1,Rural,Rejected
3298,Male,Yes,1,Graduated,Yes,123123.0,,8240.48,198.0,1,Urban,Rejected
3299,Female,Yes,1,Graduated,Yes,96227.0,31314.0,4762.79,193.0,1,Urban,Rejected
3300,Male,No,3,Graduated,Yes,92958.0,19123.0,8735.83,,1,Rural,Rejected
3301,Female,No,1,Graduated,Yes,53029.0,80386.0,1952.10,156.0,1,Urban,Rejected
3302,Male,Yes,3,Graduated,No,17142.0,38534.0,2151.38,26.0,1,Rural,Rejected
3303,Female,Yes,1,Graduated,Yes,54211.0,32161.0,2051.79,115.0,1,Rural,Rejected
3304,Female,Yes,0,Graduated,Yes,56841.0,29140.0,4733.38,53.0,1,Rural,Rejected
3305,Male,Yes,3,Not Graduated,Yes,58810.0,3042.0,3289.72,84.0,1,Urban,Rejected
3306,Male,Yes,2,Graduated,Yes,97866.0,86926.0,8200.39,145.0,1,Urban,Approved
3307,Female,No,3,Graduated,Yes,49271.0,2592.0,4309.81,,1,Urban,Approved
3308,Male,No,1,Graduated,Yes,72154.0,20330.0,5010.48,7.0,1,Urban,Approved
3309,Male,Yes,1,Graduated,Yes,78845.0,23981.0,3177.86,170.0,1,Urban,Approved
3310,Female,Yes,2,Graduated,Yes,65751.0,98697.0,4852.36,344.0,1,Urban,Rejected
3311,Female,No,1,Graduated,Yes,65020.0,2272.0,9183.67,354.0,1,Urban,Rejected
3312,Male,Yes,3,Graduated,Yes,66088.0,47814.0,436.13,217.0,1,Urban,Rejected
3313,Male,Yes,2,Graduated,Yes,97866.0,86926.0,7909.26,43.0,1,Urban,Approved
3314,Male,No,1,Graduated,Yes,63726.0,22514.0,4760.34,180.0,1,Urban,Rejected
3315,Female,No,0,Graduated,Yes,78801.0,93556.0,4547.11,48.0,1,Urban,Approved
3316,Male,Yes,2,Graduated,Yes,90000000.0,,5617.83,,1,Urban,Rejected
3317,Female,No,4,Graduated,No,78143.0,75008.0,9176.60,84.0,1,Urban,Rejected
3318,Male,No,1,Graduated,Yes,49782.0,64587.0,3469.16,284.0,1,Rural,Rejected
3319,Male,No,1,Graduated,Yes,49782.0,64587.0,4742.77,178.0,1,Rural,Rejected
3320,Male,Yes,3,Graduated,No,17142.0,38534.0,5876.19,278.0,1,Rural,Rejected
3321,Male,No,3,Graduated,Yes,52245.0,11444.0,5051.11,343.0,1,Rural,Approved
3322,Male,No,1,Graduated,Yes,63726.0,22514.0,1884.48,,1,Urban,Rejected
3323,Female,No,3,Graduated,Yes,84783.0,56221.0,4275.80,273.0,1,Urban,Approved
3324,Male,Yes,2,Not Graduated,Yes,72450.0,66113.0,3149.60,233.0,1,Urban,Rejected
3325,Female,No,0,Graduated,Yes,26024.0,46730.0,3158.85,121.0,1,Urban,Rejected
3326,Male,No,3,Graduated,Yes,49817.0,98201.0,8625.14,71.0,1,Rural,Approved
3327,Female,No,1,Graduated,Yes,47952.0,78633.0,7258.47,147.0,1,Rural,Approved
3328,Male,Yes,0,Graduated,Yes,98545.0,70005.0,753.87,203.0,1,Rural,Rejected
3329,Female,Yes,0,Graduated,Yes,56841.0,29140.0,1396.04,289.0,1,Rural,Rejected
3330,Male,No,2,Graduated,Yes,65756.0,64134.0,3592.47,223.0,1,Urban,Rejected
3331,Male,No,2,Graduated,Yes,65756.0,64134.0,9967.44,247.0,1,Urban,Rejected
3332,Female,Yes,2,Graduated,Yes,99388.0,83476.0,6090.04,255.0,1,Rural,Rejected
3333,Female,No,0,Graduated,Yes,96208.0,67879.0,4047.80,231.0,1,Urban,Rejected
3334,Male,Yes,3,Not Graduated,Yes,58810.0,3042.0,8639.99,300.0,1,Urban,Rejected
3335,Male,No,1,Graduated,Yes,71160.0,84727.0,3407.08,201.0,1,Rural,Rejected
3336,Male,Yes,0,Not Graduated,No,48379.0,61560.0,7355.33,,1,Urban,Rejected
3337,Female,Yes,1,Graduated,Yes,61928.0,80001.0,5348.47,153.0,1,Rural,Rejected
3338,Female,Yes,2,Graduated,Yes,99388.0,83476.0,2026.08,,1,Rural,Rejected
3339,Female,Yes,1,Graduated,Yes,54211.0,32161.0,668.42,171.0,1,Rural,Rejected
3340,Female,No,0,Graduated,Yes,64237.0,89405.0,1270.64,298.0,1,Rural,Rejected
3341,Female,Yes,0,Graduated,Yes,56841.0,29140.0,2062.15,365.0,1,Rural,Rejected
3342,Female,Yes,2,Graduated,Yes,99388.0,83476.0,4749.15,109.0,1,Rural,Rejected
3343,Female,Yes,1,Graduated,Yes,54211.0,32161.0,9923.83,305.0,1,Rural,Rejected
3344,Female,Yes,2,Graduated,Yes,99388.0,83476.0,4892.49,39.0,1,Rural,Rejected
3345,Male,No,3,Graduated,Yes,92958.0,19123.0,7748.26,98.0,1,Rural,Rejected
3346,Male,Yes,2,Graduated,Yes,1000000.0,,3587.92,,1,Urban,Rejected
3347,Male,Yes,2,Graduated,Yes,1000000.0,,307.77,197.0,1,Urban,Rejected
3348,Male,Yes,0,Graduated,Yes,61224.0,91173.0,1439.71,109.0,1,Rural,Rejected
3349,Male,Yes,1,Graduated,Yes,123123.0,,9787.92,112.0,1,Urban,Rejected
3350,Male,No,3,Graduated,Yes,49817.0,98201.0,6668.55,242.0,1,Rural,Approved
3351,Female,No,3,Graduated,Yes,49271.0,2592.0,4567.14,210.0,1,Urban,Approved
3352,Male,No,2,Graduated,Yes,65756.0,64134.0,9506.57,,1,Urban,Rejected
3353,Male,Yes,2,Graduated,Yes,90000000.0,,3166.83,64.0,1,Urban,Rejected
3354,Male,No,0,Not Graduated,No,38532.0,25635.0,2459.60,241.0,1,Urban,Rejected
3355,Female,No,1,Graduated,Yes,53029.0,80386.0,8224.84,169.0,1,Urban,Rejected
3356,Male,No,2,Graduated,Yes,65756.0,64134.0,3121.73,255.0,1,Urban,Rejected
3357,Female,Yes,2,Graduated,Yes,99388.0,83476.0,810.35,,1,Rural,Rejected
3358,Female,No,0,Graduated,Yes,41836.0,80262.0,2148.71,116.0,1,Rural,Approved
3359,Female,No,3,Graduated,Yes,49271.0,2592.0,8832.87,172.0,1,Urban,Approved
3360,Female,No,0,Graduated,Yes,64237.0,89405.0,9330.71,174.0,1,Rural,Rejected
3361,Female,Yes,1,Graduated,Yes,77624.0,60369.0,1073.98,326.0,1,Urban,Rejected
3362,Female,No,0,Graduated,Yes,26024.0,46730.0,2743.41,168.0,1,Urban,Rejected
3363,Male,No,4,Graduated,No,97199.0,30560.0,6313.94,192.0,1,Rural,Rejected
3364,Male,No,1,Graduated,Yes,63726.0,22514.0,5405.31,,1,Urban,Rejected
3365,Male,Yes,2,Graduated,Yes,97866.0,86926.0,5725.19,182.0,1,Urban,Rejected
3366,Male,Yes,3,Graduated,Yes,66088.0,47814.0,993.52,196.0,1,Urban,Rejected
3367,Female,Yes,1,Graduated,Yes,77624.0,60369.0,1893.44,179.0,1,Urban,Rejected
3368,Male,Yes,1,Graduated,Yes,98478.0,45963.0,8263.63,274.0,1,Rural,Approved
3369,Male,Yes,2,Graduated,Yes,94815.0,82294.0,3906.51,77.0,1,Rural,Rejected
3370,Female,Yes,1,Graduated,Yes,77624.0,60369.0,1662.51,112.0,1,Urban,Rejected
3371,Female,No,1,Graduated,Yes,65020.0,2272.0,470.82,277.0,1,Urban,Rejected
3372,Female,Yes,2,Not Graduated,No,93804.0,98614.0,3340.79,242.0,1,Urban,Rejected
3373,Female,No,0,Graduated,Yes,96208.0,67879.0,9739.47,151.0,1,Urban,Rejected
3374,Male,Yes,0,Not Graduated,Yes,97056.0,55593.0,6653.70,73.0,1,Urban,Rejected
3375,Male,Yes,2,Graduated,Yes,1000000.0,,2032.79,212.0,1,Urban,Rejected
3376,Male,Yes,3,Graduated,Yes,66088.0,47814.0,1515.95,26.0,1,Urban,Rejected
3377,Male,No,1,Graduated,Yes,72154.0,20330.0,4253.70,359.0,1,Urban,Rejected
3378,Male,No,0,Not Graduated,No,38532.0,25635.0,5842.40,330.0,1,Urban,Rejected
3379,Male,Yes,3,Graduated,Yes,66088.0,47814.0,6537.94,278.0,1,Urban,Rejected
3380,Male,No,3,Graduated,Yes,46064.0,5261.0,9924.54,,1,Urban,Rejected
3381,Male,Yes,1,Graduated,Yes,98478.0,45963.0,6936.33,,1,Rural,Rejected
3382,Male,No,3,Graduated,Yes,52245.0,11444.0,4211.63,213.0,1,Rural,Approved
3383,Female,Yes,2,Not Graduated,Yes,78314.0,65876.0,1701.62,220.0,1,Urban,Rejected
3384,Female,No,3,Graduated,Yes,84783.0,56221.0,784.97,204.0,1,Urban,Approved
3385,Male,Yes,3,Graduated,No,17142.0,38534.0,930.78,322.0,1,Rural,Rejected
3386,Male,Yes,3,Graduated,Yes,400000.0,,4196.16,309.0,1,Urban,Rejected
3387,Female,No,1,Graduated,Yes,64624.0,70317.0,2341.93,197.0,1,Urban,Rejected
3388,Female,Yes,2,Graduated,Yes,50496.0,771.0,7689.19,129.0,1,Rural,Rejected
3389,Female,Yes,2,Graduated,Yes,50496.0,771.0,1531.89,300.0,1,Rural,Rejected
3390,Male,No,3,Graduated,Yes,52245.0,11444.0,3831.07,,1,Rural,Approved
3391,Female,No,0,Graduated,Yes,63701.0,9942.0,3538.47,211.0,1,Rural,Approved
3392,Male,Yes,0,Graduated,Yes,61224.0,91173.0,1508.02,120.0,1,Rural,Rejected
3393,Female,Yes,1,Graduated,Yes,54211.0,32161.0,9629.66,,1,Rural,Rejected
3394,Male,Yes,2,Graduated,Yes,90000000.0,,5639.67,187.0,1,Urban,Rejected
3395,Male,Yes,2,Not Graduated,Yes,72450.0,66113.0,3016.50,153.0,1,Urban,Rejected
3396,Male,Yes,2,Graduated,Yes,94815.0,82294.0,9811.07,253.0,1,Rural,Rejected
3397,Female,Yes,2,Graduated,Yes,50496.0,771.0,1362.74,266.0,1,Rural,Rejected
3398,Male,No,1,Graduated,Yes,71160.0,84727.0,1387.29,3.0,1,Rural,Rejected
3399,Male,Yes,0,Graduated,Yes,61224.0,91173.0,7639.35,22.0,1,Rural,Rejected
3400,Male,Yes,1,Graduated,Yes,123123.0,,4878.20,243.0,1,Urban,Rejected
3401,Male,No,2,Graduated,Yes,41197.0,29460.0,8912.21,,1,Urban,Approved
3402,Female,No,3,Graduated,Yes,49271.0,2592.0,2809.68,,1,Urban,Approved
3403,Female,Yes,1,Graduated,Yes,77624.0,60369.0,7003.76,145.0,1,Urban,Rejected
3404,Female,Yes,1,Not Graduated,Yes,12678.0,87218.0,3207.13,247.0,1,Rural,Rejected
3405,Female,Yes,2,Not Graduated,Yes,78314.0,65876.0,7899.72,140.0,1,Urban,Rejected
3406,Female,No,1,Graduated,Yes,91200.0,24732.0,6560.19,96.0,1,Urban,Rejected
3407,Female,Yes,1,Graduated,Yes,54211.0,32161.0,9344.55,170.0,1,Rural,Rejected
3408,Female,Yes,1,Graduated,Yes,96227.0,31314.0,2560.46,301.0,1,Urban,Rejected
3409,Male,Yes,3,Graduated,Yes,6473820.0,,2614.74,92.0,1,Urban,Rejected
3410,Male,Yes,0,Graduated,No,80491.0,59539.0,5997.60,202.0,1,Rural,Rejected
3411,Male,Yes,0,Not Graduated,No,48379.0,61560.0,6422.17,,1,Urban,Rejected
3412,Female,Yes,0,Graduated,Yes,54754.0,46226.0,6341.40,107.0,1,Rural,Approved
3413,Female,Yes,2,Not Graduated,Yes,78314.0,65876.0,1696.45,304.0,1,Urban,Rejected
3414,Male,No,1,Graduated,Yes,71160.0,84727.0,6306.89,294.0,1,Rural,Rejected
3415,Male,Yes,3,Graduated,Yes,83385.0,55006.0,9424.03,,1,Urban,Rejected
3416,Male,Yes,1,Graduated,Yes,98478.0,45963.0,316.48,361.0,1,Rural,Rejected
3417,Female,Yes,2,Graduated,Yes,99388.0,83476.0,7576.37,212.0,1,Rural,Rejected
3418,Male,Yes,0,Not Graduated,Yes,97056.0,55593.0,1814.30,259.0,1,Urban,Rejected
3419,Male,No,3,Graduated,Yes,92958.0,19123.0,923.58,61.0,1,Rural,Rejected
3420,Female,Yes,0,Graduated,Yes,56841.0,29140.0,4218.45,139.0,1,Rural,Rejected
3421,Female,Yes,0,Graduated,Yes,56841.0,29140.0,3917.35,137.0,1,Rural,Rejected
3422,Female,Yes,2,Graduated,Yes,99388.0,83476.0,3990.39,299.0,1,Rural,Rejected
3423,Female,Yes,1,Graduated,Yes,61928.0,80001.0,2528.20,224.0,1,Rural,Rejected
3424,Male,Yes,1,Graduated,Yes,98478.0,45963.0,526.01,327.0,1,Rural,Rejected
3425,Male,Yes,0,Graduated,Yes,61224.0,91173.0,4571.25,,1,Rural,Rejected
3426,Female,Yes,2,Not Graduated,No,93804.0,98614.0,6336.38,,1,Urban,Rejected
3427,Male,No,2,Graduated,Yes,41197.0,29460.0,6914.39,343.0,1,Urban,Approved
3428,Female,No,1,Graduated,Yes,47952.0,78633.0,5327.89,51.0,1,Rural,Approved
3429,Female,Yes,2,Graduated,Yes,65751.0,98697.0,5889.08,213.0,1,Urban,Rejected
3430,Male,Yes,2,Not Graduated,No,85614.0,37338.0,9604.11,124.0,1,Urban,Rejected
3431,Female,Yes,1,Not Graduated,Yes,12678.0,87218.0,9118.70,20.0,1,Rural,Rejected
3432,Female,Yes,1,Graduated,Yes,61928.0,80001.0,8161.96,,1,Rural,Rejected
3433,Male,No,3,Graduated,Yes,52245.0,11444.0,2507.64,346.0,1,Rural,Approved
3434,Male,Yes,3,Graduated,Yes,400000.0,,9718.09,349.0,1,Urban,Rejected
3435,Female,No,4,Graduated,No,78143.0,75008.0,4694.17,305.0,1,Urban,Rejected
3436,Male,Yes,3,Graduated,Yes,400000.0,,7985.90,96.0,1,Urban,Rejected
3437,Male,No,2,Graduated,Yes,65756.0,64134.0,5785.48,122.0,1,Urban,Rejected
3438,Male,Yes,2,Graduated,Yes,68580.0,73036.0,9450.92,360.0,1,Rural,Approved
3439,Male,No,3,Graduated,Yes,46064.0,5261.0,1203.59,78.0,1,Urban,Rejected
3440,Male,Yes,2,Graduated,Yes,97866.0,86926.0,8828.62,117.0,1,Urban,Rejected
3441,Male,No,3,Graduated,Yes,52245.0,11444.0,7476.61,52.0,1,Rural,Approved
3442,Male,No,1,Graduated,Yes,42420.0,78653.0,731.67,221.0,1,Rural,Approved
3443,Male,No,3,Graduated,Yes,49817.0,98201.0,7635.55,,1,Rural,Approved
3444,Male,Yes,0,Graduated,Yes,90000.0,,5940.04,49.0,1,Urban,Rejected
3445,Female,Yes,0,Graduated,Yes,61672.0,89173.0,352.40,176.0,1,Urban,Approved
3446,Male,Yes,0,Graduated,Yes,90000.0,,219.99,38.0,1,Urban,Rejected
3447,Male,Yes,1,Graduated,Yes,98478.0,45963.0,479.68,345.0,1,Rural,Rejected
3448,Male,No,2,Graduated,Yes,65756.0,64134.0,7842.65,331.0,1,Urban,Rejected
3449,Male,No,2,Graduated,Yes,65756.0,64134.0,4887.95,134.0,1,Urban,Rejected
3450,Male,Yes,2,Graduated,Yes,97866.0,86926.0,5253.31,263.0,1,Urban,Rejected
3451,Male,No,3,Graduated,Yes,49817.0,98201.0,8821.58,,1,Rural,Approved
3452,Male,No,4,Graduated,No,97199.0,30560.0,1934.72,,1,Rural,Rejected
3453,Female,No,3,Graduated,Yes,49271.0,2592.0,432.87,,1,Urban,Approved
3454,Male,Yes,1,Graduated,Yes,60007.0,,8002.64,99.0,1,Urban,Rejected
3455,Male,Yes,0,Graduated,Yes,61224.0,91173.0,3123.51,217.0,1,Rural,Rejected
3456,Female,No,1,Graduated,Yes,91200.0,24732.0,4832.41,154.0,1,Urban,Rejected
3457,Male,Yes,1,Graduated,Yes,60007.0,,9032.55,296.0,1,Urban,Rejected
3458,Male,Yes,2,Graduated,Yes,91560.0,55944.0,2065.15,208.0,1,Rural,Rejected
3459,Female,No,0,Graduated,Yes,78801.0,93556.0,8266.95,264.0,1,Urban,Approved
3460,Male,No,3,Graduated,Yes,46064.0,5261.0,2515.15,47.0,1,Urban,Rejected
3461,Female,Yes,0,Graduated,Yes,59349.0,69922.0,4557.42,33.0,1,Rural,Rejected
3462,Male,Yes,3,Graduated,Yes,6473820.0,,8163.32,192.0,1,Urban,Rejected
3463,Male,Yes,3,Graduated,Yes,6473820.0,,5092.42,322.0,1,Urban,Rejected
3464,Male,Yes,3,Graduated,Yes,66088.0,47814.0,8783.79,306.0,1,Urban,Rejected
3465,Female,No,0,Graduated,Yes,26024.0,46730.0,8414.27,242.0,1,Urban,Rejected
3466,Male,No,1,Graduated,Yes,71160.0,84727.0,2824.11,100.0,1,Rural,Rejected
3467,Female,Yes,0,Graduated,Yes,59349.0,69922.0,2815.37,34.0,1,Rural,Rejected
3468,Male,Yes,3,Graduated,Yes,83385.0,55006.0,3988.68,114.0,1,Urban,Rejected
3469,Female,No,4,Graduated,No,78143.0,75008.0,1818.93,10.0,1,Urban,Rejected
3470,Female,Yes,2,Graduated,Yes,99388.0,83476.0,3626.79,195.0,1,Rural,Rejected
3471,Female,Yes,2,Graduated,Yes,65751.0,98697.0,4483.98,270.0,1,Urban,Rejected
3472,Female,No,0,Graduated,Yes,78801.0,93556.0,2707.88,25.0,1,Urban,Approved
3473,Male,No,1,Graduated,Yes,63726.0,22514.0,2338.97,218.0,1,Urban,Rejected
3474,Male,Yes,0,Not Graduated,No,48379.0,61560.0,4018.68,327.0,1,Urban,Rejected
3475,Male,Yes,0,Graduated,Yes,98545.0,70005.0,8341.43,12.0,1,Rural,Rejected
3476,Female,Yes,0,Graduated,Yes,54754.0,46226.0,2479.83,88.0,1,Rural,Approved
3477,Male,Yes,0,Graduated,Yes,61224.0,91173.0,3740.18,133.0,1,Rural,Rejected
3478,Female,Yes,0,Graduated,Yes,59349.0,69922.0,7031.54,,1,Rural,Rejected
3479,Female,Yes,1,Not Graduated,Yes,12678.0,87218.0,5707.30,230.0,1,Rural,Rejected
3480,Male,Yes,0,Graduated,No,80491.0,59539.0,205.24,359.0,1,Rural,Rejected
3481,Male,No,2,Graduated,Yes,65756.0,64134.0,156.83,153.0,1,Urban,Rejected
3482,Male,Yes,1,Graduated,Yes,98478.0,45963.0,9872.54,80.0,1,Rural,Rejected
3483,Female,No,0,Graduated,Yes,26024.0,46730.0,8837.10,189.0,1,Urban,Rejected
3484,Female,No,0,Graduated,Yes,41836.0,80262.0,1009.30,,1,Rural,Approved
3485,Male,Yes,0,Graduated,Yes,61224.0,91173.0,6150.89,259.0,1,Rural,Rejected
3486,Male,Yes,0,Graduated,Yes,98545.0,70005.0,465.25,272.0,1,Rural,Rejected
3487,Male,Yes,0,Graduated,Yes,61224.0,91173.0,2392.98,295.0,1,Rural,Rejected
3488,Female,Yes,0,Graduated,Yes,61672.0,89173.0,9384.84,43.0,1,Urban,Approved
3489,Female,Yes,0,Graduated,Yes,61672.0,89173.0,1119.74,187.0,1,Urban,Approved
3490,Female,No,1,Graduated,Yes,47952.0,78633.0,7819.01,180.0,1,Rural,Rejected
3491,Male,No,1,Graduated,Yes,78127.0,45174.0,9547.16,290.0,1,Urban,Rejected
3492,Female,No,0,Graduated,Yes,64237.0,89405.0,7574.31,215.0,1,Rural,Rejected
3493,Male,No,1,Graduated,Yes,72154.0,20330.0,3565.26,179.0,1,Urban,Rejected
3494,Female,No,1,Graduated,Yes,65020.0,2272.0,6415.66,320.0,1,Urban,Rejected
3495,Male,Yes,1,Graduated,Yes,98478.0,45963.0,2459.42,2.0,1,Rural,Rejected
3496,Female,No,3,Graduated,Yes,84783.0,56221.0,1168.37,59.0,1,Urban,Approved
3497,Male,No,3,Graduated,Yes,72968.0,8709.0,8873.54,3.0,1,Rural,Rejected
3498,Female,Yes,0,Graduated,Yes,56841.0,29140.0,7608.51,340.0,1,Rural,Rejected
3499,Male,No,3,Graduated,Yes,92958.0,19123.0,9056.82,59.0,1,Rural,Rejected
3500,Female,No,0,Graduated,Yes,63701.0,9942.0,8145.26,,1,Rural,Approved
3501,Female,No,0,Graduated,Yes,41836.0,80262.0,2355.06,133.0,1,Rural,Approved
3502,Female,Yes,1,Graduated,Yes,54211.0,32161.0,6252.60,225.0,1,Rural,Rejected
3503,Male,Yes,2,Not Graduated,No,85614.0,37338.0,2742.24,365.0,1,Urban,Rejected
3504,Female,No,0,Graduated,Yes,96208.0,67879.0,6727.80,20.0,1,Urban,Rejected
3505,Female,Yes,1,Graduated,Yes,54211.0,32161.0,6398.29,,1,Rural,Rejected
3506,Male,Yes,0,Graduated,No,80491.0,59539.0,4043.90,167.0,1,Rural,Rejected
3507,Male,No,3,Graduated,Yes,72968.0,8709.0,5873.87,173.0,1,Rural,Rejected
3508,Male,Yes,2,Graduated,Yes,97866.0,86926.0,5235.61,,1,Urban,Rejected
3509,Male,No,1,Graduated,Yes,71160.0,84727.0,9813.47,335.0,1,Rural,Rejected
3510,Male,Yes,2,Graduated,Yes,91560.0,55944.0,8340.00,,1,Rural,Rejected
3511,Female,Yes,2,Graduated,Yes,65751.0,98697.0,7610.87,62.0,1,Urban,Rejected
3512,Male,Yes,3,Graduated,Yes,400000.0,,7035.09,10.0,1,Urban,Rejected
3513,Male,Yes,1,Graduated,Yes,98478.0,45963.0,3804.70,159.0,1,Rural,Rejected
3514,Male,Yes,0,Not Graduated,No,48379.0,61560.0,2005.47,4.0,1,Urban,Rejected
3515,Male,No,2,Graduated,Yes,65756.0,64134.0,6548.42,303.0,1,Urban,Rejected
3516,Male,No,1,Graduated,Yes,78127.0,45174.0,8516.36,166.0,1,Urban,Rejected
3517,Female,Yes,2,Graduated,Yes,99388.0,83476.0,7139.92,105.0,1,Rural,Rejected
3518,Male,Yes,3,Graduated,No,17142.0,38534.0,5843.31,326.0,1,Rural,Rejected
3519,Male,Yes,3,Graduated,Yes,6473820.0,,6026.90,351.0,1,Urban,Rejected
3520,Male,Yes,0,Graduated,No,80491.0,59539.0,4379.31,106.0,1,Rural,Rejected
3521,Male,Yes,2,Graduated,Yes,1000000.0,,6861.55,191.0,1,Urban,Rejected
3522,Female,No,1,Graduated,Yes,53029.0,80386.0,609.64,,1,Urban,Rejected
3523,Female,Yes,2,Not Graduated,No,93804.0,98614.0,2629.92,87.0,1,Urban,Rejected
3524,Male,Yes,2,Not Graduated,Yes,72450.0,66113.0,5880.14,7.0,1,Urban,Rejected
3525,Male,No,3,Graduated,Yes,92958.0,19123.0,1216.75,101.0,1,Rural,Rejected
3526,Female,Yes,2,Not Graduated,No,93804.0,98614.0,1909.90,137.0,1,Urban,Rejected
3527,Female,Yes,1,Graduated,Yes,77624.0,60369.0,7387.54,182.0,1,Urban,Rejected
3528,Female,Yes,2,Not Graduated,Yes,78314.0,65876.0,8995.93,,1,Urban,Rejected
3529,Male,Yes,2,Graduated,Yes,90000000.0,,8480.14,259.0,1,Urban,Rejected
3530,Female,Yes,2,Graduated,Yes,50496.0,771.0,573.40,12.0,1,Rural,Rejected
3531,Male,Yes,0,Graduated,Yes,98545.0,70005.0,7647.64,3.0,1,Rural,Rejected
3532,Female,Yes,2,Graduated,Yes,50496.0,771.0,576.25,176.0,1,Rural,Rejected
3533,Male,Yes,3,Graduated,Yes,6473820.0,,4785.09,114.0,1,Urban,Rejected
3534,Male,No,3,Graduated,Yes,46064.0,5261.0,202.35,266.0,1,Urban,Rejected
3535,Male,No,1,Graduated,Yes,43552.0,86566.0,7457.27,161.0,1,Urban,Rejected
3536,Male,No,1,Graduated,Yes,72154.0,20330.0,4548.31,81.0,1,Urban,Rejected
3537,Male,Yes,1,Graduated,Yes,123123.0,,8461.66,,1,Urban,Rejected
3538,Male,Yes,0,Graduated,Yes,98545.0,70005.0,2543.86,61.0,1,Rural,Rejected
3539,Male,Yes,1,Graduated,Yes,60007.0,,8255.80,160.0,1,Urban,Rejected
3540,Male,Yes,3,Graduated,Yes,83385.0,55006.0,4724.12,218.0,1,Urban,Rejected
3541,Male,Yes,0,Graduated,Yes,61224.0,91173.0,3554.32,298.0,1,Rural,Rejected
3542,Male,No,2,Graduated,Yes,41197.0,29460.0,1458.65,72.0,1,Urban,Rejected
3543,Female,Yes,0,Graduated,Yes,61672.0,89173.0,3768.15,93.0,1,Urban,Rejected
3544,Male,Yes,0,Graduated,Yes,98545.0,70005.0,2971.12,,1,Rural,Rejected
3545,Male,No,3,Graduated,Yes,52245.0,11444.0,7993.57,353.0,1,Rural,Rejected
3546,Female,No,3,Graduated,Yes,49271.0,2592.0,6570.93,100.0,1,Urban,Rejected
3547,Male,Yes,3,Graduated,Yes,400000.0,,6105.72,333.0,1,Urban,Rejected
3548,Male,Yes,2,Not Graduated,Yes,72450.0,66113.0,2251.62,287.0,1,Urban,Rejected
3549,Female,No,3,Graduated,Yes,98976.0,53981.0,6679.03,267.0,1,Urban,Approved
3550,Male,Yes,3,Graduated,Yes,83385.0,55006.0,259.65,2.0,1,Urban,Rejected
3551,Male,No,1,Graduated,Yes,78127.0,45174.0,660.39,334.0,1,Urban,Rejected
3552,Male,Yes,2,Graduated,Yes,1000000.0,,6048.21,149.0,1,Urban,Rejected
3553,Male,Yes,3,Graduated,Yes,6473820.0,,3214.42,,1,Urban,Rejected
3554,Male,Yes,2,Graduated,Yes,90000000.0,,1686.37,,1,Urban,Rejected
3555,Male,Yes,1,Graduated,Yes,123123.0,,2745.38,278.0,1,Urban,Rejected
3556,Male,Yes,1,Graduated,Yes,78845.0,23981.0,6156.81,307.0,1,Urban,Rejected
3557,Female,Yes,0,Graduated,Yes,56841.0,29140.0,2975.36,95.0,1,Rural,Rejected
3558,Female,No,1,Graduated,Yes,47952.0,78633.0,774.56,72.0,1,Rural,Rejected
3559,Male,No,0,Not Graduated,No,38532.0,25635.0,4832.53,113.0,1,Urban,Rejected
3560,Male,Yes,0,Not Graduated,No,48379.0,61560.0,8176.60,267.0,1,Urban,Rejected
3561,Female,No,1,Graduated,Yes,53029.0,80386.0,8770.87,292.0,1,Urban,Rejected
3562,Male,No,0,Not Graduated,No,38532.0,25635.0,9106.21,189.0,1,Urban,Rejected
3563,Male,No,1,Graduated,Yes,78127.0,45174.0,7085.87,267.0,1,Urban,Rejected
3564,Female,Yes,1,Graduated,Yes,96227.0,31314.0,4054.84,269.0,1,Urban,Rejected
3565,Female,No,1,Graduated,Yes,91200.0,24732.0,8061.79,326.0,1,Urban,Rejected
3566,Male,Yes,3,Graduated,Yes,400000.0,,614.53,,1,Urban,Rejected
3567,Male,No,1,Graduated,Yes,71160.0,84727.0,7702.30,,1,Rural,Rejected
3568,Male,No,3,Graduated,Yes,92958.0,19123.0,4013.11,164.0,1,Rural,Rejected
3569,Female,No,1,Graduated,Yes,91200.0,24732.0,3068.47,,1,Urban,Rejected
3570,Female,No,3,Graduated,Yes,49271.0,2592.0,9987.79,,1,Urban,Rejected
3571,Female,No,1,Graduated,Yes,65020.0,2272.0,5510.19,277.0,1,Urban,Rejected
3572,Female,Yes,1,Not Graduated,Yes,12678.0,87218.0,2929.49,281.0,1,Rural,Rejected
3573,Male,Yes,3,Not Graduated,Yes,58810.0,3042.0,1916.79,265.0,1,Urban,Rejected
3574,Male,Yes,3,Graduated,Yes,400000.0,,5386.32,204.0,1,Urban,Rejected
3575,Female,Yes,2,Graduated,Yes,65751.0,98697.0,807.61,87.0,1,Urban,Rejected
3576,Female,Yes,2,Not Graduated,Yes,78314.0,65876.0,813.60,22.0,1,Urban,Rejected
3577,Female,No,0,Graduated,Yes,64237.0,89405.0,7190.54,175.0,1,Rural,Rejected
3578,Male,Yes,2,Graduated,Yes,94815.0,82294.0,834.26,17.0,1,Rural,Rejected
3579,Male,Yes,3,Graduated,Yes,400000.0,,8720.76,177.0,1,Urban,Rejected
3580,Male,No,1,Graduated,Yes,71160.0,84727.0,7468.40,272.0,1,Rural,Rejected
3581,Female,No,3,Graduated,Yes,84783.0,56221.0,6348.30,192.0,1,Urban,Rejected
3582,Female,Yes,0,Graduated,Yes,54754.0,46226.0,4915.08,,1,Rural,Rejected
3583,Male,Yes,2,Not Graduated,No,85614.0,37338.0,5576.89,288.0,1,Urban,Rejected
3584,Female,Yes,0,Graduated,Yes,59349.0,69922.0,8975.99,36.0,1,Rural,Rejected
3585,Male,Yes,2,Graduated,Yes,94815.0,82294.0,3715.03,322.0,1,Rural,Rejected
3586,Male,Yes,0,Graduated,Yes,98545.0,70005.0,3176.63,126.0,1,Rural,Rejected
3587,Female,Yes,2,Not Graduated,Yes,78314.0,65876.0,3579.35,351.0,1,Urban,Rejected
3588,Female,Yes,2,Graduated,Yes,65751.0,98697.0,8868.01,59.0,1,Urban,Rejected
3589,Male,No,1,Graduated,Yes,63726.0,22514.0,9033.67,,1,Urban,Rejected
3590,Male,Yes,0,Graduated,Yes,98545.0,70005.0,4222.34,338.0,1,Rural,Rejected
3591,Male,Yes,2,Not Graduated,No,85614.0,37338.0,4784.08,,1,Urban,Rejected
3592,Male,No,3,Graduated,Yes,49817.0,98201.0,8054.19,316.0,1,Rural,Approved
3593,Male,Yes,1,Graduated,Yes,98478.0,45963.0,1160.74,226.0,1,Rural,Rejected
3594,Female,Yes,0,Graduated,Yes,66289.0,30020.0,3888.46,17.0,1,Urban,Approved
3595,Male,No,3,Graduated,Yes,92958.0,19123.0,9023.94,140.0,1,Rural,Rejected
3596,Male,Yes,1,Graduated,Yes,123123.0,,493.09,194.0,1,Urban,Rejected
3597,Male,Yes,3,Graduated,Yes,400000.0,,2510.14,49.0,1,Urban,Rejected
3598,Male,Yes,0,Graduated,Yes,90000.0,,898.58,52.0,1,Urban,Rejected
3599,Male,No,1,Graduated,Yes,71160.0,84727.0,5344.95,205.0,1,Rural,Rejected
